-- MySQL dump 10.13  Distrib 8.0.32, for Linux (x86_64)
--
-- Host: localhost    Database: kusu
-- ------------------------------------------------------
-- Server version	8.0.32-0ubuntu0.22.04.2

/*!40101 SET @OLD_CHARACTER_SET_CLIENT=@@CHARACTER_SET_CLIENT */;
/*!40101 SET @OLD_CHARACTER_SET_RESULTS=@@CHARACTER_SET_RESULTS */;
/*!40101 SET @OLD_COLLATION_CONNECTION=@@COLLATION_CONNECTION */;
/*!50503 SET NAMES utf8mb4 */;
/*!40103 SET @OLD_TIME_ZONE=@@TIME_ZONE */;
/*!40103 SET TIME_ZONE='+00:00' */;
/*!40014 SET @OLD_UNIQUE_CHECKS=@@UNIQUE_CHECKS, UNIQUE_CHECKS=0 */;
/*!40014 SET @OLD_FOREIGN_KEY_CHECKS=@@FOREIGN_KEY_CHECKS, FOREIGN_KEY_CHECKS=0 */;
/*!40101 SET @OLD_SQL_MODE=@@SQL_MODE, SQL_MODE='NO_AUTO_VALUE_ON_ZERO' */;
/*!40111 SET @OLD_SQL_NOTES=@@SQL_NOTES, SQL_NOTES=0 */;

--
-- Table structure for table `auth_group`
--

DROP TABLE IF EXISTS `auth_group`;
/*!40101 SET @saved_cs_client     = @@character_set_client */;
/*!50503 SET character_set_client = utf8mb4 */;
CREATE TABLE `auth_group` (
  `id` int NOT NULL AUTO_INCREMENT,
  `name` varchar(150) NOT NULL,
  PRIMARY KEY (`id`),
  UNIQUE KEY `name` (`name`)
) ENGINE=InnoDB DEFAULT CHARSET=utf8mb3;
/*!40101 SET character_set_client = @saved_cs_client */;

--
-- Dumping data for table `auth_group`
--

LOCK TABLES `auth_group` WRITE;
/*!40000 ALTER TABLE `auth_group` DISABLE KEYS */;
/*!40000 ALTER TABLE `auth_group` ENABLE KEYS */;
UNLOCK TABLES;

--
-- Table structure for table `auth_group_permissions`
--

DROP TABLE IF EXISTS `auth_group_permissions`;
/*!40101 SET @saved_cs_client     = @@character_set_client */;
/*!50503 SET character_set_client = utf8mb4 */;
CREATE TABLE `auth_group_permissions` (
  `id` bigint NOT NULL AUTO_INCREMENT,
  `group_id` int NOT NULL,
  `permission_id` int NOT NULL,
  PRIMARY KEY (`id`),
  UNIQUE KEY `auth_group_permissions_group_id_permission_id_0cd325b0_uniq` (`group_id`,`permission_id`),
  KEY `auth_group_permissio_permission_id_84c5c92e_fk_auth_perm` (`permission_id`),
  CONSTRAINT `auth_group_permissio_permission_id_84c5c92e_fk_auth_perm` FOREIGN KEY (`permission_id`) REFERENCES `auth_permission` (`id`),
  CONSTRAINT `auth_group_permissions_group_id_b120cbf9_fk_auth_group_id` FOREIGN KEY (`group_id`) REFERENCES `auth_group` (`id`)
) ENGINE=InnoDB DEFAULT CHARSET=utf8mb3;
/*!40101 SET character_set_client = @saved_cs_client */;

--
-- Dumping data for table `auth_group_permissions`
--

LOCK TABLES `auth_group_permissions` WRITE;
/*!40000 ALTER TABLE `auth_group_permissions` DISABLE KEYS */;
/*!40000 ALTER TABLE `auth_group_permissions` ENABLE KEYS */;
UNLOCK TABLES;

--
-- Table structure for table `auth_permission`
--

DROP TABLE IF EXISTS `auth_permission`;
/*!40101 SET @saved_cs_client     = @@character_set_client */;
/*!50503 SET character_set_client = utf8mb4 */;
CREATE TABLE `auth_permission` (
  `id` int NOT NULL AUTO_INCREMENT,
  `name` varchar(255) NOT NULL,
  `content_type_id` int NOT NULL,
  `codename` varchar(100) NOT NULL,
  PRIMARY KEY (`id`),
  UNIQUE KEY `auth_permission_content_type_id_codename_01ab375a_uniq` (`content_type_id`,`codename`),
  CONSTRAINT `auth_permission_content_type_id_2f476e4b_fk_django_co` FOREIGN KEY (`content_type_id`) REFERENCES `django_content_type` (`id`)
) ENGINE=InnoDB AUTO_INCREMENT=29 DEFAULT CHARSET=utf8mb3;
/*!40101 SET character_set_client = @saved_cs_client */;

--
-- Dumping data for table `auth_permission`
--

LOCK TABLES `auth_permission` WRITE;
/*!40000 ALTER TABLE `auth_permission` DISABLE KEYS */;
INSERT INTO `auth_permission` VALUES (1,'Can add log entry',1,'add_logentry'),(2,'Can change log entry',1,'change_logentry'),(3,'Can delete log entry',1,'delete_logentry'),(4,'Can view log entry',1,'view_logentry'),(5,'Can add permission',2,'add_permission'),(6,'Can change permission',2,'change_permission'),(7,'Can delete permission',2,'delete_permission'),(8,'Can view permission',2,'view_permission'),(9,'Can add group',3,'add_group'),(10,'Can change group',3,'change_group'),(11,'Can delete group',3,'delete_group'),(12,'Can view group',3,'view_group'),(13,'Can add user',4,'add_user'),(14,'Can change user',4,'change_user'),(15,'Can delete user',4,'delete_user'),(16,'Can view user',4,'view_user'),(17,'Can add content type',5,'add_contenttype'),(18,'Can change content type',5,'change_contenttype'),(19,'Can delete content type',5,'delete_contenttype'),(20,'Can view content type',5,'view_contenttype'),(21,'Can add session',6,'add_session'),(22,'Can change session',6,'change_session'),(23,'Can delete session',6,'delete_session'),(24,'Can view session',6,'view_session'),(25,'Can add available voter',7,'add_availablevoter'),(26,'Can change available voter',7,'change_availablevoter'),(27,'Can delete available voter',7,'delete_availablevoter'),(28,'Can view available voter',7,'view_availablevoter');
/*!40000 ALTER TABLE `auth_permission` ENABLE KEYS */;
UNLOCK TABLES;

--
-- Table structure for table `auth_user`
--

DROP TABLE IF EXISTS `auth_user`;
/*!40101 SET @saved_cs_client     = @@character_set_client */;
/*!50503 SET character_set_client = utf8mb4 */;
CREATE TABLE `auth_user` (
  `id` int NOT NULL AUTO_INCREMENT,
  `password` varchar(128) NOT NULL,
  `last_login` datetime(6) DEFAULT NULL,
  `is_superuser` tinyint(1) NOT NULL,
  `username` varchar(150) NOT NULL,
  `first_name` varchar(150) NOT NULL,
  `last_name` varchar(150) NOT NULL,
  `email` varchar(254) NOT NULL,
  `is_staff` tinyint(1) NOT NULL,
  `is_active` tinyint(1) NOT NULL,
  `date_joined` datetime(6) NOT NULL,
  PRIMARY KEY (`id`),
  UNIQUE KEY `username` (`username`)
) ENGINE=InnoDB AUTO_INCREMENT=2 DEFAULT CHARSET=utf8mb3;
/*!40101 SET character_set_client = @saved_cs_client */;

--
-- Dumping data for table `auth_user`
--

LOCK TABLES `auth_user` WRITE;
/*!40000 ALTER TABLE `auth_user` DISABLE KEYS */;
INSERT INTO `auth_user` VALUES (1,'pbkdf2_sha256$260000$oqPozb5XqytP0ygdJOuFPV$jPRM9FrD9Ud04OteB+lkMGWQ+RO5Y/kGArXwbkuJnlg=','2023-03-19 11:08:54.354598',1,'jkumwenda','','','jkumwenda@gmail.com',1,1,'2023-03-18 06:48:59.169910');
/*!40000 ALTER TABLE `auth_user` ENABLE KEYS */;
UNLOCK TABLES;

--
-- Table structure for table `auth_user_groups`
--

DROP TABLE IF EXISTS `auth_user_groups`;
/*!40101 SET @saved_cs_client     = @@character_set_client */;
/*!50503 SET character_set_client = utf8mb4 */;
CREATE TABLE `auth_user_groups` (
  `id` bigint NOT NULL AUTO_INCREMENT,
  `user_id` int NOT NULL,
  `group_id` int NOT NULL,
  PRIMARY KEY (`id`),
  UNIQUE KEY `auth_user_groups_user_id_group_id_94350c0c_uniq` (`user_id`,`group_id`),
  KEY `auth_user_groups_group_id_97559544_fk_auth_group_id` (`group_id`),
  CONSTRAINT `auth_user_groups_group_id_97559544_fk_auth_group_id` FOREIGN KEY (`group_id`) REFERENCES `auth_group` (`id`),
  CONSTRAINT `auth_user_groups_user_id_6a12ed8b_fk_auth_user_id` FOREIGN KEY (`user_id`) REFERENCES `auth_user` (`id`)
) ENGINE=InnoDB DEFAULT CHARSET=utf8mb3;
/*!40101 SET character_set_client = @saved_cs_client */;

--
-- Dumping data for table `auth_user_groups`
--

LOCK TABLES `auth_user_groups` WRITE;
/*!40000 ALTER TABLE `auth_user_groups` DISABLE KEYS */;
/*!40000 ALTER TABLE `auth_user_groups` ENABLE KEYS */;
UNLOCK TABLES;

--
-- Table structure for table `auth_user_user_permissions`
--

DROP TABLE IF EXISTS `auth_user_user_permissions`;
/*!40101 SET @saved_cs_client     = @@character_set_client */;
/*!50503 SET character_set_client = utf8mb4 */;
CREATE TABLE `auth_user_user_permissions` (
  `id` bigint NOT NULL AUTO_INCREMENT,
  `user_id` int NOT NULL,
  `permission_id` int NOT NULL,
  PRIMARY KEY (`id`),
  UNIQUE KEY `auth_user_user_permissions_user_id_permission_id_14a6b632_uniq` (`user_id`,`permission_id`),
  KEY `auth_user_user_permi_permission_id_1fbb5f2c_fk_auth_perm` (`permission_id`),
  CONSTRAINT `auth_user_user_permi_permission_id_1fbb5f2c_fk_auth_perm` FOREIGN KEY (`permission_id`) REFERENCES `auth_permission` (`id`),
  CONSTRAINT `auth_user_user_permissions_user_id_a95ead1b_fk_auth_user_id` FOREIGN KEY (`user_id`) REFERENCES `auth_user` (`id`)
) ENGINE=InnoDB DEFAULT CHARSET=utf8mb3;
/*!40101 SET character_set_client = @saved_cs_client */;

--
-- Dumping data for table `auth_user_user_permissions`
--

LOCK TABLES `auth_user_user_permissions` WRITE;
/*!40000 ALTER TABLE `auth_user_user_permissions` DISABLE KEYS */;
/*!40000 ALTER TABLE `auth_user_user_permissions` ENABLE KEYS */;
UNLOCK TABLES;

--
-- Table structure for table `django_admin_log`
--

DROP TABLE IF EXISTS `django_admin_log`;
/*!40101 SET @saved_cs_client     = @@character_set_client */;
/*!50503 SET character_set_client = utf8mb4 */;
CREATE TABLE `django_admin_log` (
  `id` int NOT NULL AUTO_INCREMENT,
  `action_time` datetime(6) NOT NULL,
  `object_id` longtext,
  `object_repr` varchar(200) NOT NULL,
  `action_flag` smallint unsigned NOT NULL,
  `change_message` longtext NOT NULL,
  `content_type_id` int DEFAULT NULL,
  `user_id` int NOT NULL,
  PRIMARY KEY (`id`),
  KEY `django_admin_log_content_type_id_c4bce8eb_fk_django_co` (`content_type_id`),
  KEY `django_admin_log_user_id_c564eba6_fk_auth_user_id` (`user_id`),
  CONSTRAINT `django_admin_log_content_type_id_c4bce8eb_fk_django_co` FOREIGN KEY (`content_type_id`) REFERENCES `django_content_type` (`id`),
  CONSTRAINT `django_admin_log_user_id_c564eba6_fk_auth_user_id` FOREIGN KEY (`user_id`) REFERENCES `auth_user` (`id`),
  CONSTRAINT `django_admin_log_chk_1` CHECK ((`action_flag` >= 0))
) ENGINE=InnoDB AUTO_INCREMENT=11 DEFAULT CHARSET=utf8mb3;
/*!40101 SET character_set_client = @saved_cs_client */;

--
-- Dumping data for table `django_admin_log`
--

LOCK TABLES `django_admin_log` WRITE;
/*!40000 ALTER TABLE `django_admin_log` DISABLE KEYS */;
INSERT INTO `django_admin_log` VALUES (1,'2023-03-18 06:59:12.396705','1','AvailableVoter object (1)',1,'[{\"added\": {}}]',7,1),(2,'2023-03-18 07:16:09.321711','1','AvailableVoter object (1)',2,'[]',7,1),(3,'2023-03-18 07:39:18.884850','2','AvailableVoter object (2)',1,'[{\"added\": {}}]',7,1),(4,'2023-03-18 07:39:40.693875','3','AvailableVoter object (3)',1,'[{\"added\": {}}]',7,1),(5,'2023-03-18 13:20:09.856169','1','AvailableVoter object (1)',3,'',7,1),(6,'2023-03-18 13:20:09.960268','2','AvailableVoter object (2)',3,'',7,1),(7,'2023-03-18 13:20:09.974537','3','AvailableVoter object (3)',3,'',7,1),(8,'2023-03-18 20:28:21.206820','701','AvailableVoter object (701)',2,'[{\"changed\": {\"fields\": [\"Status\"]}}]',7,1),(9,'2023-03-18 20:28:45.279349','701','AvailableVoter object (701)',3,'',7,1),(10,'2023-03-19 11:09:05.906553','702','AvailableVoter object (702)',3,'',7,1);
/*!40000 ALTER TABLE `django_admin_log` ENABLE KEYS */;
UNLOCK TABLES;

--
-- Table structure for table `django_content_type`
--

DROP TABLE IF EXISTS `django_content_type`;
/*!40101 SET @saved_cs_client     = @@character_set_client */;
/*!50503 SET character_set_client = utf8mb4 */;
CREATE TABLE `django_content_type` (
  `id` int NOT NULL AUTO_INCREMENT,
  `app_label` varchar(100) NOT NULL,
  `model` varchar(100) NOT NULL,
  PRIMARY KEY (`id`),
  UNIQUE KEY `django_content_type_app_label_model_76bd3d3b_uniq` (`app_label`,`model`)
) ENGINE=InnoDB AUTO_INCREMENT=8 DEFAULT CHARSET=utf8mb3;
/*!40101 SET character_set_client = @saved_cs_client */;

--
-- Dumping data for table `django_content_type`
--

LOCK TABLES `django_content_type` WRITE;
/*!40000 ALTER TABLE `django_content_type` DISABLE KEYS */;
INSERT INTO `django_content_type` VALUES (1,'admin','logentry'),(3,'auth','group'),(2,'auth','permission'),(4,'auth','user'),(5,'contenttypes','contenttype'),(6,'sessions','session'),(7,'verification','availablevoter');
/*!40000 ALTER TABLE `django_content_type` ENABLE KEYS */;
UNLOCK TABLES;

--
-- Table structure for table `django_migrations`
--

DROP TABLE IF EXISTS `django_migrations`;
/*!40101 SET @saved_cs_client     = @@character_set_client */;
/*!50503 SET character_set_client = utf8mb4 */;
CREATE TABLE `django_migrations` (
  `id` bigint NOT NULL AUTO_INCREMENT,
  `app` varchar(255) NOT NULL,
  `name` varchar(255) NOT NULL,
  `applied` datetime(6) NOT NULL,
  PRIMARY KEY (`id`)
) ENGINE=InnoDB AUTO_INCREMENT=20 DEFAULT CHARSET=utf8mb3;
/*!40101 SET character_set_client = @saved_cs_client */;

--
-- Dumping data for table `django_migrations`
--

LOCK TABLES `django_migrations` WRITE;
/*!40000 ALTER TABLE `django_migrations` DISABLE KEYS */;
INSERT INTO `django_migrations` VALUES (1,'contenttypes','0001_initial','2023-03-11 23:32:14.123084'),(2,'auth','0001_initial','2023-03-11 23:32:14.861415'),(3,'admin','0001_initial','2023-03-11 23:32:15.027220'),(4,'admin','0002_logentry_remove_auto_add','2023-03-11 23:32:15.038511'),(5,'admin','0003_logentry_add_action_flag_choices','2023-03-11 23:32:15.051949'),(6,'contenttypes','0002_remove_content_type_name','2023-03-11 23:32:15.149857'),(7,'auth','0002_alter_permission_name_max_length','2023-03-11 23:32:15.237210'),(8,'auth','0003_alter_user_email_max_length','2023-03-11 23:32:15.314980'),(9,'auth','0004_alter_user_username_opts','2023-03-11 23:32:15.324816'),(10,'auth','0005_alter_user_last_login_null','2023-03-11 23:32:15.387512'),(11,'auth','0006_require_contenttypes_0002','2023-03-11 23:32:15.396654'),(12,'auth','0007_alter_validators_add_error_messages','2023-03-11 23:32:15.408087'),(13,'auth','0008_alter_user_username_max_length','2023-03-11 23:32:15.491650'),(14,'auth','0009_alter_user_last_name_max_length','2023-03-11 23:32:15.566688'),(15,'auth','0010_alter_group_name_max_length','2023-03-11 23:32:15.635862'),(16,'auth','0011_update_proxy_permissions','2023-03-11 23:32:15.648830'),(17,'auth','0012_alter_user_first_name_max_length','2023-03-11 23:32:15.735735'),(18,'sessions','0001_initial','2023-03-11 23:32:15.789244'),(19,'verification','0001_initial','2023-03-15 15:12:08.305830');
/*!40000 ALTER TABLE `django_migrations` ENABLE KEYS */;
UNLOCK TABLES;

--
-- Table structure for table `django_session`
--

DROP TABLE IF EXISTS `django_session`;
/*!40101 SET @saved_cs_client     = @@character_set_client */;
/*!50503 SET character_set_client = utf8mb4 */;
CREATE TABLE `django_session` (
  `session_key` varchar(40) NOT NULL,
  `session_data` longtext NOT NULL,
  `expire_date` datetime(6) NOT NULL,
  PRIMARY KEY (`session_key`),
  KEY `django_session_expire_date_a5c62663` (`expire_date`)
) ENGINE=InnoDB DEFAULT CHARSET=utf8mb3;
/*!40101 SET character_set_client = @saved_cs_client */;

--
-- Dumping data for table `django_session`
--

LOCK TABLES `django_session` WRITE;
/*!40000 ALTER TABLE `django_session` DISABLE KEYS */;
INSERT INTO `django_session` VALUES ('8drv04rswedqt9k47gnp2vbo6nir2hps','.eJxVjDsOwyAQRO9CHSEvLAZSpvcZ0PILTiKQjF1FuXtsyUXSjea9mTdztK3FbT0tbo7syoBdfjtP4ZnqAeKD6r3x0Oq6zJ4fCj9p51OL6XU73b-DQr3sa7QmDgoUBG0CoskxedB7ApWl0N4MiNkLpKBoFAq0JoMyCIs6WjkC-3wBwdE2uQ:1pdquE:EvxVAfcRZ2KVfHLpXJ9_noT10S6ddeRDi-Z7jnXLVSA','2023-04-02 11:08:54.363063');
/*!40000 ALTER TABLE `django_session` ENABLE KEYS */;
UNLOCK TABLES;

--
-- Table structure for table `verification_availablevoter`
--

DROP TABLE IF EXISTS `verification_availablevoter`;
/*!40101 SET @saved_cs_client     = @@character_set_client */;
/*!50503 SET character_set_client = utf8mb4 */;
CREATE TABLE `verification_availablevoter` (
  `id` bigint NOT NULL AUTO_INCREMENT,
  `fullname` varchar(200) NOT NULL,
  `email` varchar(100) NOT NULL,
  `new` tinyint(1) NOT NULL,
  `status` tinyint(1) NOT NULL,
  `created_at` datetime(6) NOT NULL,
  `updated_at` datetime(6) NOT NULL,
  PRIMARY KEY (`id`),
  UNIQUE KEY `email` (`email`)
) ENGINE=InnoDB AUTO_INCREMENT=703 DEFAULT CHARSET=utf8mb3;
/*!40101 SET character_set_client = @saved_cs_client */;

--
-- Dumping data for table `verification_availablevoter`
--

LOCK TABLES `verification_availablevoter` WRITE;
/*!40000 ALTER TABLE `verification_availablevoter` DISABLE KEYS */;
INSERT INTO `verification_availablevoter` VALUES (4,'Aaron Mwafulirwa','amwafulirwa@kuhes.ac.mw',0,1,'2023-03-18 13:21:05.195432','2023-03-18 13:21:05.195469'),(5,'ABDUL MAKANJIRA','amakanjira@kuhes.ac.mw',0,1,'2023-03-18 13:21:05.250779','2023-03-18 13:21:05.250818'),(6,'Abel Mulowa','amulowa@kuhes.ac.mw',0,1,'2023-03-18 13:21:05.258465','2023-03-18 13:21:05.258522'),(7,'abigail kazembe','akazembe@kuhes.ac.mw',0,1,'2023-03-18 13:21:05.266439','2023-03-18 13:21:05.266477'),(8,'Abram Kamiza','akamiza@kuhes.ac.mw',0,1,'2023-03-18 13:21:05.275792','2023-03-18 13:21:05.275867'),(9,'Adamson Muula','amuula@kuhes.ac.mw',0,1,'2023-03-18 13:21:05.284870','2023-03-18 13:21:05.284928'),(10,'Aeron Nahuku','anahuku@kuhes.ac.mw',0,1,'2023-03-18 13:21:05.300426','2023-03-18 13:21:05.300493'),(11,'Agnes Chithonje','achithonje@kuhes.ac.mw',0,1,'2023-03-18 13:21:05.325549','2023-03-18 13:21:05.325621'),(12,'Agness Luka','aluka@kuhes.ac.mw',0,1,'2023-03-18 13:21:05.337119','2023-03-18 13:21:05.337189'),(13,'Ajib Phiri','phiria@kuhes.ac.mw',0,1,'2023-03-18 13:21:05.348060','2023-03-18 13:21:05.348118'),(14,'Albert Austin Mwafongo','amwafongo@kuhes.ac.mw',0,1,'2023-03-18 13:21:05.361623','2023-03-18 13:21:05.361704'),(15,'Alex Henry Makondetsa','hmakondetsa@kuhes.ac.mw',0,1,'2023-03-18 13:21:05.373471','2023-03-18 13:21:05.373529'),(16,'Alfred Kachimanga','akachimanga@kuhes.ac.mw',0,1,'2023-03-18 13:21:05.384918','2023-03-18 13:21:05.384983'),(17,'Alfred Kunje','akunje@kuhes.ac.mw',0,1,'2023-03-18 13:21:05.397388','2023-03-18 13:21:05.397447'),(18,'Alice Mnyanga','amnyanga@kuhes.ac.mw',0,1,'2023-03-18 13:21:05.410720','2023-03-18 13:21:05.410880'),(19,'Alice Namanja','anamanja@kuhes.ac.mw',0,1,'2023-03-18 13:21:05.422153','2023-03-18 13:21:05.422210'),(20,'Alinane Linda Nyondo-Mipando','lmipando@kuhes.ac.mw',0,1,'2023-03-18 13:21:05.444449','2023-03-18 13:21:05.444486'),(21,'Alinane Namarika','anamarika@kuhes.ac.mw',0,1,'2023-03-18 13:21:05.454245','2023-03-18 13:21:05.454296'),(22,'Alinune Musopole','amusopole@kuhes.ac.mw',0,1,'2023-03-18 13:21:05.463427','2023-03-18 13:21:05.463475'),(23,'Alisha Nanthini Lerato Mambulu','pmambulu@kuhes.ac.mw',0,1,'2023-03-18 13:21:05.472491','2023-03-18 13:21:05.472538'),(24,'Allan Kangwerema','akangwerema@mac.kuhes.ac.mw',0,1,'2023-03-18 13:21:05.481319','2023-03-18 13:21:05.481387'),(25,'ALLAN WADI','awadi@kuhes.ac.mw',0,1,'2023-03-18 13:21:05.490808','2023-03-18 13:21:05.490870'),(26,'AMOS MSOPERA','amsopera@kuhes.ac.mw',0,1,'2023-03-18 13:21:05.498605','2023-03-18 13:21:05.498691'),(27,'AMRICA MITHA','amitha@kuhes.ac.mw',0,1,'2023-03-18 13:21:05.506786','2023-03-18 13:21:05.506829'),(28,'Anderson Khwisa','akhwisa@kuhes.ac.mw',0,1,'2023-03-18 13:21:05.516568','2023-03-18 13:21:05.516619'),(29,'Anderson Mughogho','amughogho@kuhes.ac.mw',0,1,'2023-03-18 13:21:05.525493','2023-03-18 13:21:05.525549'),(30,'Andrew Jonas','ajonas@mac.kuhes.ac.mw',0,1,'2023-03-18 13:21:05.533118','2023-03-18 13:21:05.533163'),(31,'Andrew Kumitawa','akumitawa@kuhes.ac.mw',0,1,'2023-03-18 13:21:05.543906','2023-03-18 13:21:05.543958'),(32,'Andrew Lomoliwa','alomoliwa@kuhes.ac.mw',0,1,'2023-03-18 13:21:05.555405','2023-03-18 13:21:05.555465'),(33,'Andrew Maloya','amaloya@kuhes.ac.mw',0,1,'2023-03-18 13:21:05.565162','2023-03-18 13:21:05.565207'),(34,'Andrew Matchado','amatchado@kuhes.ac.mw',0,1,'2023-03-18 13:21:05.575254','2023-03-18 13:21:05.575301'),(35,'Andrew Mphepo','amphepo@kuhes.ac.mw',0,1,'2023-03-18 13:21:05.583521','2023-03-18 13:21:05.583582'),(36,'Andrew Mwale','amwale@kuhes.ac.mw',0,1,'2023-03-18 13:21:05.593696','2023-03-18 13:21:05.593741'),(37,'Andrew Rajab','arajab@kuhes.ac.mw',0,1,'2023-03-18 13:21:05.604859','2023-03-18 13:21:05.604906'),(38,'Angella Bonongwe','abonongwe@kuhes.ac.mw',0,1,'2023-03-18 13:21:05.613788','2023-03-18 13:21:05.613877'),(39,'Angella Makwangwala','amakwangwala@kuhes.ac.mw',0,1,'2023-03-18 13:21:05.623146','2023-03-18 13:21:05.623191'),(40,'ANGELLA MASANO','amasano@kuhes.ac.mw',0,1,'2023-03-18 13:21:05.631505','2023-03-18 13:21:05.631549'),(41,'Angella Mbawala','ambawala@kuhes.ac.mw',0,1,'2023-03-18 13:21:05.640403','2023-03-18 13:21:05.640510'),(42,'Angeziwa Chunga','achunga@kuhes.ac.mw',0,1,'2023-03-18 13:21:05.652013','2023-03-18 13:21:05.652059'),(43,'Annie Machonjo','amachonjo@kuhes.ac.mw',0,1,'2023-03-18 13:21:05.661102','2023-03-18 13:21:05.661165'),(44,'Annie Mwapasa','amwapasa@kuhes.ac.mw',0,1,'2023-03-18 13:21:05.669720','2023-03-18 13:21:05.669766'),(45,'Anthony Mwakikunga','amwakikunga@kuhes.ac.mw',0,1,'2023-03-18 13:21:05.679576','2023-03-18 13:21:05.679621'),(46,'Apatsa Selemani','aselemani@kuhes.ac.mw',0,1,'2023-03-18 13:21:05.693161','2023-03-18 13:21:05.693239'),(47,'Apatsa Villiera','avilliera@kuhes.ac.mw',0,1,'2023-03-18 13:21:05.705833','2023-03-18 13:21:05.705892'),(48,'Archangel Mvula','amvula@kuhes.ac.mw',0,1,'2023-03-18 13:21:05.717561','2023-03-18 13:21:05.717619'),(49,'Arox Kamng\'ona','awkamngona@kuhes.ac.mw',0,1,'2023-03-18 13:21:05.728570','2023-03-18 13:21:05.728626'),(50,'Arthur Mtegha','amtegha@kuhes.ac.mw',0,1,'2023-03-18 13:21:05.740084','2023-03-18 13:21:05.740139'),(51,'Asante Anne Sajiwa','asajiwa@kuhes.ac.mw',0,1,'2023-03-18 13:21:05.750940','2023-03-18 13:21:05.750997'),(52,'ATUPELE CHAPONDA','achaponda@kuhes.ac.mw',0,1,'2023-03-18 13:21:05.763738','2023-03-18 13:21:05.763797'),(53,'Atupele Kapito Tembo','akapito@kuhes.ac.mw',0,1,'2023-03-18 13:21:05.774725','2023-03-18 13:21:05.774784'),(54,'Aubrey Hara','ahara@kuhes.ac.mw',0,1,'2023-03-18 13:21:05.785691','2023-03-18 13:21:05.785748'),(55,'Aubrey Msowoya','acmsowoya@kuhes.ac.mw',0,1,'2023-03-18 13:21:05.795832','2023-03-18 13:21:05.795890'),(56,'Aubrey Msowoya','amsowoya@kuhes.ac.mw',0,1,'2023-03-18 13:21:05.807046','2023-03-18 13:21:05.807107'),(57,'Augustine Saweta','asaweta@kuhes.ac.mw',0,1,'2023-03-18 13:21:05.819047','2023-03-18 13:21:05.819123'),(58,'Austin Kadiso Banda','akbanda@kuhes.ac.mw',0,1,'2023-03-18 13:21:05.829343','2023-03-18 13:21:05.829407'),(59,'Baxter Kachingwe','bkachingwe@kuhes.ac.mw',0,1,'2023-03-18 13:21:05.839383','2023-03-18 13:21:05.839437'),(60,'BAXTON KWITANA','bkwitana@kuhes.ac.mw',0,1,'2023-03-18 13:21:05.851234','2023-03-18 13:21:05.851291'),(61,'Beatrice Chasowa','bchasowa@kuhes.ac.mw',0,1,'2023-03-18 13:21:05.859305','2023-03-18 13:21:05.859361'),(62,'Belinda Gombachika','belindagombachika@kuhes.ac.mw',0,1,'2023-03-18 13:21:05.867644','2023-03-18 13:21:05.867702'),(63,'Benita Mkhori','bmkhori@kuhes.ac.mw',0,1,'2023-03-18 13:21:05.876868','2023-03-18 13:21:05.876931'),(64,'Benjamin Kumwenda','bkumwenda@kuhes.ac.mw',0,1,'2023-03-18 13:21:05.885037','2023-03-18 13:21:05.885074'),(65,'Benjamin Lewanika','blewanika@kuhes.ac.mw',0,1,'2023-03-18 13:21:05.890283','2023-03-18 13:21:05.890320'),(66,'Benson Andrew','bandrew@kuhes.ac.mw',0,1,'2023-03-18 13:21:05.897165','2023-03-18 13:21:05.897199'),(67,'BIA.acA KANDEYA','bkandeya@kuhes.ac.mw',0,1,'2023-03-18 13:21:05.903558','2023-03-18 13:21:05.903588'),(68,'Billy Konyani','bkonyani@kuhes.ac.mw',0,1,'2023-03-18 13:21:05.908288','2023-03-18 13:21:05.908324'),(69,'Blessings Dula','bdulla@mac.kuhes.ac.mw',0,1,'2023-03-18 13:21:05.914515','2023-03-18 13:21:05.914542'),(70,'Blessings Kachipome','bkachipome@kuhes.ac.mw',0,1,'2023-03-18 13:21:05.918971','2023-03-18 13:21:05.918995'),(71,'Blessings Kaunda','bkaunda@mac.kuhes.ac.mw',0,1,'2023-03-18 13:21:05.924088','2023-03-18 13:21:05.924114'),(72,'Blessings Malola','bmalola@kuhes.ac.mw',0,1,'2023-03-18 13:21:05.928910','2023-03-18 13:21:05.928937'),(73,'Blessings Tembo','btembo@kuhes.ac.mw',0,1,'2023-03-18 13:21:05.934345','2023-03-18 13:21:05.934370'),(74,'Blessings Thuboy','bthuboy@kuhes.ac.mw',0,1,'2023-03-18 13:21:05.940676','2023-03-18 13:21:05.940716'),(75,'Bob Faque','bfaque@kuhes.ac.mw',0,1,'2023-03-18 13:21:05.948010','2023-03-18 13:21:05.948064'),(76,'Brenda Mathiya','bmathiya@kuhes.ac.mw',0,1,'2023-03-18 13:21:05.958502','2023-03-18 13:21:05.958613'),(77,'Brian Matundu','bmatundu@kuhes.ac.mw',0,1,'2023-03-18 13:21:05.968044','2023-03-18 13:21:05.968101'),(78,'Brian Phiri','bphiri@mac.kuhes.ac.mw',0,1,'2023-03-18 13:21:05.980163','2023-03-18 13:21:05.980241'),(79,'BRIGHT KASALU','bkasalu@mac.kuhes.ac.mw',0,1,'2023-03-18 13:21:05.991080','2023-03-18 13:21:05.991141'),(80,'bruce kaamba','bkaamba@kuhes.ac.mw',0,1,'2023-03-18 13:21:06.002775','2023-03-18 13:21:06.002833'),(81,'Bruno Ndoma','bndoma@kuhes.ac.mw',0,1,'2023-03-18 13:21:06.014855','2023-03-18 13:21:06.014913'),(82,'Burton Chitsulo','bchitsulo@kuhes.ac.mw',0,1,'2023-03-18 13:21:06.025669','2023-03-18 13:21:06.025791'),(83,'Byson Mukiwa Mukiwa','bmukiwa@kuhes.ac.mw',0,1,'2023-03-18 13:21:06.039207','2023-03-18 13:21:06.039266'),(84,'Carlos Kilowe','ckilowe@kuhes.ac.mw',0,1,'2023-03-18 13:21:06.050127','2023-03-18 13:21:06.050187'),(85,'Carlos Namaona','cnamaona@kuhes.ac.mw',0,1,'2023-03-18 13:21:06.061406','2023-03-18 13:21:06.061483'),(86,'Caroline Brady','cbrady@kuhes.ac.mw',0,1,'2023-03-18 13:21:06.073351','2023-03-18 13:21:06.073411'),(87,'Cecilia Mphanje','cmphanje@kuhes.ac.mw',0,1,'2023-03-18 13:21:06.086876','2023-03-18 13:21:06.086957'),(88,'Cecilia Taika','ctaika@kuhes.ac.mw',0,1,'2023-03-18 13:21:06.098687','2023-03-18 13:21:06.098744'),(89,'Chancy Msowoya','cmsowoya@mac.kuhes.ac.mw',0,1,'2023-03-18 13:21:06.110784','2023-03-18 13:21:06.110844'),(90,'Charles Dzamalala','cdzamalala@kuhes.ac.mw',0,1,'2023-03-18 13:21:06.121590','2023-03-18 13:21:06.121683'),(91,'Charles Khoza','charleskhoza@kuhes.ac.mw',0,1,'2023-03-18 13:21:06.132461','2023-03-18 13:21:06.132518'),(92,'Charles Mangani','cmangani@kuhes.ac.mw',0,1,'2023-03-18 13:21:06.140597','2023-03-18 13:21:06.140656'),(93,'Charles Mtibo','cmtibo@kuhes.ac.mw',0,1,'2023-03-18 13:21:06.151306','2023-03-18 13:21:06.151373'),(94,'Charles Nyasa','cnyasa@kuhes.ac.mw',0,1,'2023-03-18 13:21:06.163125','2023-03-18 13:21:06.163186'),(95,'Charles Sungani','csungani@kuhes.ac.mw',0,1,'2023-03-18 13:21:06.174961','2023-03-18 13:21:06.175021'),(96,'chawanangwa ng\'ambi','cngambi@kuhes.ac.mw',0,1,'2023-03-18 13:21:06.186572','2023-03-18 13:21:06.186689'),(97,'Chiamiko Chinkwitaphiri','cchinkwita@kuhes.ac.mw',0,1,'2023-03-18 13:21:06.199983','2023-03-18 13:21:06.200080'),(98,'Chifundo Kunyenje','ckunyenje@kuhes.ac.mw',0,1,'2023-03-18 13:21:06.211954','2023-03-18 13:21:06.212017'),(99,'Chifundo Mapemba','cmapemba@kuhes.ac.mw',0,1,'2023-03-18 13:21:06.223452','2023-03-18 13:21:06.223511'),(100,'Chifundo Phimba','cphimba@kuhes.ac.mw',0,1,'2023-03-18 13:21:06.234116','2023-03-18 13:21:06.234218'),(101,'Chifundo Vareta','cvareta@kuhes.ac.mw',0,1,'2023-03-18 13:21:06.242864','2023-03-18 13:21:06.242923'),(102,'Chifuno Alinane Kalonga','cakalonga@kuhes.ac.mw',0,1,'2023-03-18 13:21:06.257006','2023-03-18 13:21:06.257070'),(103,'CHIKONDI CHITSEKO','cchitseko@kuhes.ac.mw',0,1,'2023-03-18 13:21:06.270070','2023-03-18 13:21:06.270132'),(104,'Chikondi Mahuka','cmahuka@kuhes.ac.mw',0,1,'2023-03-18 13:21:06.283567','2023-03-18 13:21:06.283630'),(105,'Chikondi Malamba','cmalamba@kuhes.ac.mw',0,1,'2023-03-18 13:21:06.297787','2023-03-18 13:21:06.297864'),(106,'Chiletso Msang\'azi','cmsangazi@kuhes.ac.mw',0,1,'2023-03-18 13:21:06.309455','2023-03-18 13:21:06.309518'),(107,'Chilungamo Chingwanda','cchingwanda@kuhes.ac.mw',0,1,'2023-03-18 13:21:06.320385','2023-03-18 13:21:06.320444'),(108,'Chimwemwe Longwe Chilinda','cchilinda@kuhes.ac.mw',0,1,'2023-03-18 13:21:06.331102','2023-03-18 13:21:06.331158'),(109,'Chimwemwe Mazeze','cmazeze@kuhes.ac.mw',0,1,'2023-03-18 13:21:06.343427','2023-03-18 13:21:06.343485'),(110,'Chisomo Kaundama','cdkaundama@kuhes.ac.mw',0,1,'2023-03-18 13:21:06.354801','2023-03-18 13:21:06.354858'),(111,'Chisomo Msefula','cmsefula@kuhes.ac.mw',0,1,'2023-03-18 13:21:06.366385','2023-03-18 13:21:06.366444'),(112,'Chisomo Nkhoma','cnkhoma@mac.kuhes.ac.mw',0,1,'2023-03-18 13:21:06.380782','2023-03-18 13:21:06.380841'),(113,'Chisomo NKukumila','cnkukumila@kuhes.ac.mw',0,1,'2023-03-18 13:21:06.392242','2023-03-18 13:21:06.392344'),(114,'Chisomo Rosemary Mkukumila','rmkukumila@kuhes.ac.mw',0,1,'2023-03-18 13:21:06.402861','2023-03-18 13:21:06.402920'),(115,'Chiwoza Bandawe','cbandawe@kuhes.ac.mw',0,1,'2023-03-18 13:21:06.415965','2023-03-18 13:21:06.416025'),(116,'Chizga Kwalira','ckwalira@kuhes.ac.mw',0,1,'2023-03-18 13:21:06.429804','2023-03-18 13:21:06.429863'),(117,'Chrissie Mtali','cmtali@mac.kuhes.ac.mw',0,1,'2023-03-18 13:21:06.442065','2023-03-18 13:21:06.442174'),(118,'Christina Chikumbutso Sambo','csambo@kuhes.ac.mw',0,1,'2023-03-18 13:21:06.453068','2023-03-18 13:21:06.453128'),(119,'Christina Dzimbiri','cdzimbiri@kuhes.ac.mw',0,1,'2023-03-18 13:21:06.464656','2023-03-18 13:21:06.464729'),(120,'CHRISTINE LUKHERE','clukhere@kuhes.ac.mw',0,1,'2023-03-18 13:21:06.479201','2023-03-18 13:21:06.479258'),(121,'Christopher Makwero','cmakwero@kuhes.ac.mw',0,1,'2023-03-18 13:21:06.491456','2023-03-18 13:21:06.491570'),(122,'Christopher Namagowa','cnamagowa@kuhes.ac.mw',0,1,'2023-03-18 13:21:06.501750','2023-03-18 13:21:06.501821'),(123,'Christopher Tsonga','ctsonga@kuhes.ac.mw',0,1,'2023-03-18 13:21:06.514571','2023-03-18 13:21:06.514628'),(124,'Clifford Banda','bandacg@kuhes.ac.mw',0,1,'2023-03-18 13:21:06.526389','2023-03-18 13:21:06.526452'),(125,'Clyton Munthali','camunthali@kuhes.ac.mw',0,1,'2023-03-18 13:21:06.539441','2023-03-18 13:21:06.539500'),(126,'COLLEEN WINGOLO','cwingolo@kuhes.ac.mw',0,1,'2023-03-18 13:21:06.549665','2023-03-18 13:21:06.549724'),(127,'COLLINS CHILIWAWA','cchiliwawa@kuhes.ac.mw',0,1,'2023-03-18 13:21:06.559899','2023-03-18 13:21:06.559966'),(128,'Collins Jana','cjana@kuhes.ac.mw',0,1,'2023-03-18 13:21:06.569391','2023-03-18 13:21:06.569471'),(129,'Cosmas Mandawala','cmandawala@kuhes.ac.mw',0,1,'2023-03-18 13:21:06.578537','2023-03-18 13:21:06.578596'),(130,'Costantine Chaima','cchaima@kuhes.ac.mw',0,1,'2023-03-18 13:21:06.590243','2023-03-18 13:21:06.590381'),(131,'Cuthbert Mwatseteza','cmwatseteza@kuhes.ac.mw',0,1,'2023-03-18 13:21:06.602173','2023-03-18 13:21:06.602236'),(132,'Cynthia Kadewa','ckadewa@kuhes.ac.mw',0,1,'2023-03-18 13:21:06.612682','2023-03-18 13:21:06.612776'),(133,'Cynthia Maluwa','cmaluwa@kuhes.ac.mw',0,1,'2023-03-18 13:21:06.622702','2023-03-18 13:21:06.622759'),(134,'Dan Namarika','dcnamarika@kuhes.ac.mw',0,1,'2023-03-18 13:21:06.633767','2023-03-18 13:21:06.633824'),(135,'DAN NAMATE','dnamate@kuhes.ac.mw',0,1,'2023-03-18 13:21:06.642490','2023-03-18 13:21:06.642553'),(136,'Daniel Banda','dbanda@kuhes.ac.mw',0,1,'2023-03-18 13:21:06.654242','2023-03-18 13:21:06.654301'),(137,'Daniel L Banda','bandadl@kuhes.ac.mw',0,1,'2023-03-18 13:21:06.665515','2023-03-18 13:21:06.665574'),(138,'Daniel Mwale','dmwale@kuhes.ac.mw',0,1,'2023-03-18 13:21:06.677175','2023-03-18 13:21:06.677265'),(139,'Daniel Mwenye','dmwenye@kuhes.ac.mw',0,1,'2023-03-18 13:21:06.690156','2023-03-18 13:21:06.690218'),(140,'DAVID CHAIMA','dchaima@kuhes.ac.mw',0,1,'2023-03-18 13:21:06.701428','2023-03-18 13:21:06.701485'),(141,'David Kulapani','dkulapani@kuhes.ac.mw',0,1,'2023-03-18 13:21:06.712262','2023-03-18 13:21:06.712323'),(142,'David McCarty','dmccarty@kuhes.ac.mw',0,1,'2023-03-18 13:21:06.727984','2023-03-18 13:21:06.728097'),(143,'David Mzia','dmzia@kuhes.ac.mw',0,1,'2023-03-18 13:21:06.737840','2023-03-18 13:21:06.737905'),(144,'Davie Champiti','dchampiti@kuhes.ac.mw',0,1,'2023-03-18 13:21:06.749320','2023-03-18 13:21:06.749378'),(145,'Davis Saiti','dsaiti@kuhes.ac.mw',0,1,'2023-03-18 13:21:06.760218','2023-03-18 13:21:06.760288'),(146,'Demester Mike Nkhoma','mdnkhoma@kuhes.ac.mw',0,1,'2023-03-18 13:21:06.772392','2023-03-18 13:21:06.772450'),(147,'Demoubly Kokota','dkokota@kuhes.ac.mw',0,1,'2023-03-18 13:21:06.782411','2023-03-18 13:21:06.782578'),(148,'Denise Msowoya','dmsowoya@kuhes.ac.mw',0,1,'2023-03-18 13:21:06.793362','2023-03-18 13:21:06.793422'),(149,'Dennis Chifundo Mapemba','dmapemba@kuhes.ac.mw',0,1,'2023-03-18 13:21:06.805792','2023-03-18 13:21:06.805873'),(150,'Dennis Patel','dpatel@kuhes.ac.mw',0,1,'2023-03-18 13:21:06.816209','2023-03-18 13:21:06.816279'),(151,'DIANA KACHERE','dkachere@kuhes.ac.mw',0,1,'2023-03-18 13:21:06.829306','2023-03-18 13:21:06.829363'),(152,'DIANA LAKUDZALA','dlakudzala@kuhes.ac.mw',0,1,'2023-03-18 13:21:06.840873','2023-03-18 13:21:06.840940'),(153,'Diana Mawindo-Chitimbe','dmawindo@kuhes.ac.mw',0,1,'2023-03-18 13:21:06.854480','2023-03-18 13:21:06.854538'),(154,'DIANA MSINDIRA','dmsindira@kuhes.ac.mw',0,1,'2023-03-18 13:21:06.866253','2023-03-18 13:21:06.866313'),(155,'Diffie Chilemba','dchilemba@kuhes.ac.mw',0,1,'2023-03-18 13:21:06.879425','2023-03-18 13:21:06.879524'),(156,'Dina Kamowa','dkamowa@kuhes.ac.mw',0,1,'2023-03-18 13:21:06.891344','2023-03-18 13:21:06.891414'),(157,'Director Student Affairs','dsa@kuhes.ac.mw',0,1,'2023-03-18 13:21:06.901927','2023-03-18 13:21:06.901985'),(158,'Diston Chiweza','dchiweza@kuhes.ac.mw',0,1,'2023-03-18 13:21:06.912331','2023-03-18 13:21:06.912390'),(159,'DOMINIC NKHOMA','dnkhoma@kuhes.ac.mw',0,1,'2023-03-18 13:21:06.926176','2023-03-18 13:21:06.926276'),(160,'Don Chiwaya','dchiwaya@kuhes.ac.mw',0,1,'2023-03-18 13:21:06.940213','2023-03-18 13:21:06.940307'),(161,'Don Mathang','dmathang@mac.kuhes.ac.mw',0,1,'2023-03-18 13:21:06.950899','2023-03-18 13:21:06.950992'),(162,'Doreen Yadidi','dyadidi@kuhes.ac.mw',0,1,'2023-03-18 13:21:06.960649','2023-03-18 13:21:06.960720'),(163,'Dr George Chirambo','gchirambo@kuhes.ac.mw',0,1,'2023-03-18 13:21:06.971939','2023-03-18 13:21:06.972002'),(164,'Duncan Kwaitana','dkwaitana@kuhes.ac.mw',0,1,'2023-03-18 13:21:06.984296','2023-03-18 13:21:06.984443'),(165,'Duncan Richardson','drichardson@kuhes.ac.mw',0,1,'2023-03-18 13:21:06.994685','2023-03-18 13:21:06.994739'),(166,'Edward Msukwa','emsukwa@kuhes.ac.mw',0,1,'2023-03-18 13:21:07.005347','2023-03-18 13:21:07.005430'),(167,'Edward Senga','esenga@kuhes.ac.mw',0,1,'2023-03-18 13:21:07.016659','2023-03-18 13:21:07.016716'),(168,'Edward Simbeye','esimbeye@kuhes.ac.mw',0,1,'2023-03-18 13:21:07.032031','2023-03-18 13:21:07.032156'),(169,'Edwin Chikaima','chikaimae@kuhes.ac.mw',0,1,'2023-03-18 13:21:07.043804','2023-03-18 13:21:07.043881'),(170,'EFFIE CHIPETA','echipeta@kuhes.ac.mw',0,1,'2023-03-18 13:21:07.057002','2023-03-18 13:21:07.057062'),(171,'Eleanor Ziwawo','eziwawo@kuhes.ac.mw',0,1,'2023-03-18 13:21:07.070405','2023-03-18 13:21:07.070545'),(172,'Elida Banda','ebanda@kuhes.ac.mw',0,1,'2023-03-18 13:21:07.083026','2023-03-18 13:21:07.083087'),(173,'Eliza kabaghe Chilinda','ekchilinda@kuhes.ac.mw',0,1,'2023-03-18 13:21:07.092779','2023-03-18 13:21:07.092837'),(174,'ELIZABETH CHODZAZA','echodzaza@kuhes.ac.mw',0,1,'2023-03-18 13:21:07.102769','2023-03-18 13:21:07.102828'),(175,'Ellah Mawerenga','emawerenga@kuhes.ac.mw',0,1,'2023-03-18 13:21:07.112382','2023-03-18 13:21:07.112461'),(176,'Ellen Liabunya','eliabunya@kuhes.ac.mw',0,1,'2023-03-18 13:21:07.125100','2023-03-18 13:21:07.125156'),(177,'Ellen Mhango','emhango@kuhes.ac.mw',0,1,'2023-03-18 13:21:07.137433','2023-03-18 13:21:07.137490'),(178,'Elsie kandiona','ekandiona@kuhes.ac.mw',0,1,'2023-03-18 13:21:07.148579','2023-03-18 13:21:07.148646'),(179,'Emma Chimphamba','echimphamba@kuhes.ac.mw',0,1,'2023-03-18 13:21:07.160573','2023-03-18 13:21:07.160632'),(180,'Emma Thomson','ethomson@kuhes.ac.mw',0,1,'2023-03-18 13:21:07.171796','2023-03-18 13:21:07.171855'),(181,'Emmanuel Kaitano','ekaitano@kuhes.ac.mw',0,1,'2023-03-18 13:21:07.183088','2023-03-18 13:21:07.183147'),(182,'Emmanuel Maluza','emaluza@kuhes.ac.mw',0,1,'2023-03-18 13:21:07.194391','2023-03-18 13:21:07.194449'),(183,'EMMANUEL MNJOWE','emnjowe@kuhes.ac.mw',0,1,'2023-03-18 13:21:07.205625','2023-03-18 13:21:07.205739'),(184,'Emmanuel Mwabutwa','emwabutwa@kuhes.ac.mw',0,1,'2023-03-18 13:21:07.216974','2023-03-18 13:21:07.217032'),(185,'Emmie Mbale','embale@kuhes.ac.mw',0,1,'2023-03-18 13:21:07.229562','2023-03-18 13:21:07.229620'),(186,'Enalla Mzembe','emzembe@mac.kuhes.ac.mw',0,1,'2023-03-18 13:21:07.241397','2023-03-18 13:21:07.241468'),(187,'ENIFA CHINSEU','echinseu@kuhes.ac.mw',0,1,'2023-03-18 13:21:07.253187','2023-03-18 13:21:07.253246'),(188,'Enita Dinnot-Phiri','ephiri@kuhes.ac.mw',0,1,'2023-03-18 13:21:07.265426','2023-03-18 13:21:07.265490'),(189,'Ennetter Mkutumula','emkutumula@kuhes.ac.mw',0,1,'2023-03-18 13:21:07.277158','2023-03-18 13:21:07.277215'),(190,'Enoch Thamala','ethamala@kuhes.ac.mw',0,1,'2023-03-18 13:21:07.303959','2023-03-18 13:21:07.304045'),(191,'Enock Benjamin','ebenjamin@mac.kuhes.ac.mw',0,1,'2023-03-18 13:21:07.315064','2023-03-18 13:21:07.315121'),(192,'Enock Chisati','echisati@kuhes.ac.mw',0,1,'2023-03-18 13:21:07.325903','2023-03-18 13:21:07.326026'),(193,'Eric Chilenje','echilenje@mac.kuhes.ac.mw',0,1,'2023-03-18 13:21:07.340577','2023-03-18 13:21:07.340638'),(194,'Eric Umar','eumar@kuhes.ac.mw',0,1,'2023-03-18 13:21:07.351176','2023-03-18 13:21:07.351240'),(195,'Ernest Matambo','ematambo@kuhes.ac.mw',0,1,'2023-03-18 13:21:07.362041','2023-03-18 13:21:07.362099'),(196,'Esther Jiya','ejiya@kuhes.ac.mw',0,1,'2023-03-18 13:21:07.374433','2023-03-18 13:21:07.374495'),(197,'Esther Masi','emasi@kuhes.ac.mw',0,1,'2023-03-18 13:21:07.384541','2023-03-18 13:21:07.384597'),(198,'Esther Nyirongo','enyirongo@kuhes.ac.mw',0,1,'2023-03-18 13:21:07.394785','2023-03-18 13:21:07.394850'),(199,'Euclid Sydney Magawa','esmagawa@kuhes.ac.mw',0,1,'2023-03-18 13:21:07.405855','2023-03-18 13:21:07.405912'),(200,'Evanson Sambala','esambala@kuhes.ac.mw',0,1,'2023-03-18 13:21:07.420560','2023-03-18 13:21:07.420620'),(201,'Eveles Chimala','echimala@kuhes.ac.mw',0,1,'2023-03-18 13:21:07.432168','2023-03-18 13:21:07.432287'),(202,'Faith Mpulula','fmpulula@kuhes.ac.mw',0,1,'2023-03-18 13:21:07.443126','2023-03-18 13:21:07.443182'),(203,'Fanuel Bickton','fbickton@kuhes.ac.mw',0,1,'2023-03-18 13:21:07.454953','2023-03-18 13:21:07.455010'),(204,'Fanuel Lampiao','flampiao@kuhes.ac.mw',0,1,'2023-03-18 13:21:07.464985','2023-03-18 13:21:07.465043'),(205,'FANUEL MCHENGA','fmchenga@kuhes.ac.mw',0,1,'2023-03-18 13:21:07.474587','2023-03-18 13:21:07.474645'),(206,'FATIMA AMANU','famanu@kuhes.ac.mw',0,1,'2023-03-18 13:21:07.484904','2023-03-18 13:21:07.484979'),(207,'Fatsani Ngwalangwa','fngwalangwa@kuhes.ac.mw',0,1,'2023-03-18 13:21:07.495050','2023-03-18 13:21:07.495107'),(208,'Febbie Tambala-Jamieson','ftambala-jamieson@kuhes.ac.mw',0,1,'2023-03-18 13:21:07.505971','2023-03-18 13:21:07.506032'),(209,'Felister Kapalamula','fkapalamula@kuhes.ac.mw',0,1,'2023-03-18 13:21:07.521029','2023-03-18 13:21:07.521085'),(210,'Felix Chisoni','fchisoni@kuhes.ac.mw',0,1,'2023-03-18 13:21:07.531469','2023-03-18 13:21:07.531527'),(211,'Felix Dzumani','fdzumani@kuhes.ac.mw',0,1,'2023-03-18 13:21:07.542246','2023-03-18 13:21:07.542304'),(212,'Felix Kanduwa','fkanduwa@kuhes.ac.mw',0,1,'2023-03-18 13:21:07.554788','2023-03-18 13:21:07.554848'),(213,'Felix Kaphwiyo','fkaphwiyo@kuhes.ac.mw',0,1,'2023-03-18 13:21:07.566435','2023-03-18 13:21:07.566490'),(214,'Felix Khuluza','fkhuluza@kuhes.ac.mw',0,1,'2023-03-18 13:21:07.579792','2023-03-18 13:21:07.579849'),(215,'Felix Mangata','fmangata@kuhes.ac.mw',0,1,'2023-03-18 13:21:07.590943','2023-03-18 13:21:07.591002'),(216,'Felix Namboya','fnamboya@kuhes.ac.mw',0,1,'2023-03-18 13:21:07.602765','2023-03-18 13:21:07.602820'),(217,'Florence Mshali','fmshali@kuhes.ac.mw',0,1,'2023-03-18 13:21:07.614233','2023-03-18 13:21:07.614295'),(218,'Foster Mbomuwa','fmbomuwa@kuhes.ac.mw',0,1,'2023-03-18 13:21:07.624601','2023-03-18 13:21:07.624674'),(219,'FRA.acIS KACHEDWA','fkachedwa@kuhes.ac.mw',0,1,'2023-03-18 13:21:07.634990','2023-03-18 13:21:07.635047'),(220,'Francis BUWA','fbuwa@kuhes.ac.mw',0,1,'2023-03-18 13:21:07.644832','2023-03-18 13:21:07.644891'),(221,'Francis Chitani','fchitani@kuhes.ac.mw',0,1,'2023-03-18 13:21:07.655735','2023-03-18 13:21:07.655793'),(222,'Francis Chiumia','fkchiumia@kuhes.ac.mw',0,1,'2023-03-18 13:21:07.666977','2023-03-18 13:21:07.667035'),(223,'Francis Mdala','fmdala@kuhes.ac.mw',0,1,'2023-03-18 13:21:07.678920','2023-03-18 13:21:07.678973'),(224,'Francis Mtwalo','fmtwalo@kuhes.ac.mw',0,1,'2023-03-18 13:21:07.687482','2023-03-18 13:21:07.687530'),(225,'Francis Njala','fnjala@mac.kuhes.ac.mw',0,1,'2023-03-18 13:21:07.697872','2023-03-18 13:21:07.697920'),(226,'Frank Taulo','ftaulo@kuhes.ac.mw',0,1,'2023-03-18 13:21:07.708138','2023-03-18 13:21:07.708187'),(227,'Frazer Ng\'oma','fngoma@kuhes.ac.mw',0,1,'2023-03-18 13:21:07.718407','2023-03-18 13:21:07.718465'),(228,'Fred Moto','fmoto@kuhes.ac.mw',0,1,'2023-03-18 13:21:07.728874','2023-03-18 13:21:07.728922'),(229,'Fred Sande','fsande@mac.kuhes.ac.mw',0,1,'2023-03-18 13:21:07.736676','2023-03-18 13:21:07.736719'),(230,'Frida Chimimba','fchimimba@kuhes.ac.mw',0,1,'2023-03-18 13:21:07.744748','2023-03-18 13:21:07.744795'),(231,'Fumbani Limani','flimani@kuhes.ac.mw',0,1,'2023-03-18 13:21:07.752923','2023-03-18 13:21:07.752970'),(232,'Genezio Mugawa','gmugawa@kuhes.ac.mw',0,1,'2023-03-18 13:21:07.763235','2023-03-18 13:21:07.763283'),(233,'Geoffrey Msosa','gmsosa@kuhes.ac.mw',0,1,'2023-03-18 13:21:07.772752','2023-03-18 13:21:07.772800'),(234,'GEOFREY MASEKO','gmaseko@kuhes.ac.mw',0,1,'2023-03-18 13:21:07.780874','2023-03-18 13:21:07.780942'),(235,'GEORGE BANDA','gbanda@kuhes.ac.mw',0,1,'2023-03-18 13:21:07.792769','2023-03-18 13:21:07.792818'),(236,'George Chagaluka','gchagaluka@kuhes.ac.mw',0,1,'2023-03-18 13:21:07.800459','2023-03-18 13:21:07.800513'),(237,'George Namandwa','gnamandwa@kuhes.ac.mw',0,1,'2023-03-18 13:21:07.808337','2023-03-18 13:21:07.808381'),(238,'George Pagaja','gpagaja@kuhes.ac.mw',0,1,'2023-03-18 13:21:07.817945','2023-03-18 13:21:07.817993'),(239,'George Sinjani','gsinjani@mac.kuhes.ac.mw',0,1,'2023-03-18 13:21:07.829261','2023-03-18 13:21:07.829313'),(240,'Gertrude Tchowa','gtchowa@kuhes.ac.mw',0,1,'2023-03-18 13:21:07.839465','2023-03-18 13:21:07.839635'),(241,'Gervasio Nyaka','gnyaka@kuhes.ac.mw',0,1,'2023-03-18 13:21:07.849112','2023-03-18 13:21:07.849216'),(242,'Gift Kayuni','gkayuni@kuhes.ac.mw',0,1,'2023-03-18 13:21:07.859439','2023-03-18 13:21:07.859524'),(243,'Gilbert Kondani','gkondani@mac.kuhes.ac.mw',0,1,'2023-03-18 13:21:07.868269','2023-03-18 13:21:07.868330'),(244,'Gladys Comfort Kakota','gkakota@kuhes.ac.mw',0,1,'2023-03-18 13:21:07.878351','2023-03-18 13:21:07.878398'),(245,'Gloria Kadangwe','gkadangwe@kuhes.ac.mw',0,1,'2023-03-18 13:21:07.888496','2023-03-18 13:21:07.888545'),(246,'Gloria Namacha','gnamacha@kuhes.ac.mw',0,1,'2023-03-18 13:21:07.897045','2023-03-18 13:21:07.897107'),(247,'Glory Bota','gbota@kuhes.ac.mw',0,1,'2023-03-18 13:21:07.907366','2023-03-18 13:21:07.907412'),(248,'Godfrey Chisoni','gchisoni@kuhes.ac.mw',0,1,'2023-03-18 13:21:07.916111','2023-03-18 13:21:07.916157'),(249,'Godfrey Gonondo','ggonondo@kuhes.ac.mw',0,1,'2023-03-18 13:21:07.923567','2023-03-18 13:21:07.923618'),(250,'Grace Chatsika','gchatsika@kuhes.ac.mw',0,1,'2023-03-18 13:21:07.933484','2023-03-18 13:21:07.933531'),(251,'Grace Chiudzu','gchiudzu@kuhes.ac.mw',0,1,'2023-03-18 13:21:07.941820','2023-03-18 13:21:07.941864'),(252,'Grace Chiwaya','gchiwaya@kuhes.ac.mw',0,1,'2023-03-18 13:21:07.951250','2023-03-18 13:21:07.951305'),(253,'Grace Kachere','gkachere@kuhes.ac.mw',0,1,'2023-03-18 13:21:07.959641','2023-03-18 13:21:07.959690'),(254,'Grace Kankuzi','gkankuzi@kuhes.ac.mw',0,1,'2023-03-18 13:21:07.969545','2023-03-18 13:21:07.969592'),(255,'Grace Mukoka','gmukoka@kuhes.ac.mw',0,1,'2023-03-18 13:21:07.977753','2023-03-18 13:21:07.977799'),(256,'Gregor Pollach','gpollach@kuhes.ac.mw',0,1,'2023-03-18 13:21:07.987557','2023-03-18 13:21:07.987626'),(257,'Grieves Mang\'anda','gmang\'anda@kuhes.ac.mw',0,1,'2023-03-18 13:21:07.995759','2023-03-18 13:21:07.995818'),(258,'Hannah Mngoli','hmngoli@mac.kuhes.ac.mw',0,1,'2023-03-18 13:21:08.003182','2023-03-18 13:21:08.003237'),(259,'Hannah Tenthani','htenthani@kuhes.ac.mw',0,1,'2023-03-18 13:21:08.011483','2023-03-18 13:21:08.011530'),(260,'Hans Will','hwill@kuhes.ac.mw',0,1,'2023-03-18 13:21:08.021822','2023-03-18 13:21:08.021872'),(261,'Happy Nyirongo','hnyirongo@kuhes.ac.mw',0,1,'2023-03-18 13:21:08.032305','2023-03-18 13:21:08.032359'),(262,'Harry Chavinda','hchavinda@kuhes.ac.mw',0,1,'2023-03-18 13:21:08.041621','2023-03-18 13:21:08.041670'),(263,'Harry Meleke','hsmeleke@kuhes.ac.mw',0,1,'2023-03-18 13:21:08.050821','2023-03-18 13:21:08.050872'),(264,'Hastings Pantalion Kanama','hkanama@kuhes.ac.mw',0,1,'2023-03-18 13:21:08.060913','2023-03-18 13:21:08.060961'),(265,'Head Family Medicine','hodfamilymedicine@kuhes.ac.mw',0,1,'2023-03-18 13:21:08.070647','2023-03-18 13:21:08.070698'),(266,'Head of Deprtment Pathology','hodpathology@kuhes.ac.mw',0,1,'2023-03-18 13:21:08.079913','2023-03-18 13:21:08.079988'),(267,'Head Pharmacy','hodpharmacy@kuhes.ac.mw',0,1,'2023-03-18 13:21:08.089574','2023-03-18 13:21:08.089624'),(268,'Henry Chiwaya','hchiwaya@kuhes.ac.mw',0,1,'2023-03-18 13:21:08.098299','2023-03-18 13:21:08.098346'),(269,'Henry Kamanga','hkamanga@kuhes.ac.mw',0,1,'2023-03-18 13:21:08.107945','2023-03-18 13:21:08.107992'),(270,'HENRY LIVIMBO','hlivimbo@kuhes.ac.mw',0,1,'2023-03-18 13:21:08.117663','2023-03-18 13:21:08.117723'),(271,'Hilda Chinoko','hchinoko@kuhes.ac.mw',0,1,'2023-03-18 13:21:08.126667','2023-03-18 13:21:08.126713'),(272,'Hilda Sato','hsato@kuhes.ac.mw',0,1,'2023-03-18 13:21:08.137089','2023-03-18 13:21:08.137138'),(273,'Hope Mabvimba','hmabvimba@kuhes.ac.mw',0,1,'2023-03-18 13:21:08.146637','2023-03-18 13:21:08.146685'),(274,'Howard Kacholora','hkacholora@kuhes.ac.mw',0,1,'2023-03-18 13:21:08.156145','2023-03-18 13:21:08.156193'),(275,'Howard Kamphanda','hkamphanda@kuhes.ac.mw',0,1,'2023-03-18 13:21:08.164242','2023-03-18 13:21:08.164299'),(276,'Hubert Kanyoma','hkanyoma@kuhes.ac.mw',0,1,'2023-03-18 13:21:08.176690','2023-03-18 13:21:08.176749'),(277,'Humphrey Kumwembe','hkumwembe@kuhes.ac.mw',0,1,'2023-03-18 13:21:08.193063','2023-03-18 13:21:08.193121'),(278,'Humphreys Gunchi','hgunchi@kuhes.ac.mw',0,1,'2023-03-18 13:21:08.203609','2023-03-18 13:21:08.203681'),(279,'Humphries Malata','hmalata@kuhes.ac.mw',0,1,'2023-03-18 13:21:08.214990','2023-03-18 13:21:08.215056'),(280,'HUSSEIN TWABI','htwabi@kuhes.ac.mw',0,1,'2023-03-18 13:21:08.226453','2023-03-18 13:21:08.226514'),(281,'Ian Amidu','iamidu@kuhes.ac.mw',0,1,'2023-03-18 13:21:08.240067','2023-03-18 13:21:08.240131'),(282,'Ibrahim Chikowe','ichikowe@kuhes.ac.mw',0,1,'2023-03-18 13:21:08.249452','2023-03-18 13:21:08.249513'),(283,'Ida Chapuma','ichapuma@kuhes.ac.mw',0,1,'2023-03-18 13:21:08.268266','2023-03-18 13:21:08.268326'),(284,'Idah Baluwa','ibaluwa@kuhes.ac.mw',0,1,'2023-03-18 13:21:08.279659','2023-03-18 13:21:08.279718'),(285,'Ignasio Wachepa','iwachepa@kuhes.ac.mw',0,1,'2023-03-18 13:21:08.291784','2023-03-18 13:21:08.291844'),(286,'INNOCENT LWANDA','ilwanda@kuhes.ac.mw',0,1,'2023-03-18 13:21:08.305825','2023-03-18 13:21:08.305886'),(287,'Irvine Chitatata','ichitatata@kuhes.ac.mw',0,1,'2023-03-18 13:21:08.317570','2023-03-18 13:21:08.317664'),(288,'Isaac Shawa','ishawa@kuhes.ac.mw',0,1,'2023-03-18 13:21:08.332512','2023-03-18 13:21:08.332573'),(289,'Isaac Stonex Mateleko','imateleko@kuhes.ac.mw',0,1,'2023-03-18 13:21:08.342714','2023-03-18 13:21:08.342802'),(290,'Isabel Kazanga Chiumia','ikazanga@kuhes.ac.mw',0,1,'2023-03-18 13:21:08.351250','2023-03-18 13:21:08.351308'),(291,'J Nyirongo','jnyirongo@mac.kuhes.ac.mw',0,1,'2023-03-18 13:21:08.361310','2023-03-18 13:21:08.361366'),(292,'Jacqueline Makala','jmakala@kuhes.ac.mw',0,1,'2023-03-18 13:21:08.371997','2023-03-18 13:21:08.372072'),(293,'Jacquline Msefula','jmsefula@kuhes.ac.mw',0,1,'2023-03-18 13:21:08.384433','2023-03-18 13:21:08.384493'),(294,'James Butawo','jbutawo@kuhes.ac.mw',0,1,'2023-03-18 13:21:08.394803','2023-03-18 13:21:08.394897'),(295,'James January','jjanuary@kuhes.ac.mw',0,1,'2023-03-18 13:21:08.406367','2023-03-18 13:21:08.406450'),(296,'James Kapulula','jkapulula@mac.kuhes.ac.mw',0,1,'2023-03-18 13:21:08.419475','2023-03-18 13:21:08.419535'),(297,'James Kaunda','jkaunda@kuhes.ac.mw',0,1,'2023-03-18 13:21:08.430514','2023-03-18 13:21:08.430605'),(298,'James Makaika','jmakaika@kuhes.ac.mw',0,1,'2023-03-18 13:21:08.441557','2023-03-18 13:21:08.441696'),(299,'James Mchenga','jmchenga@kuhes.ac.mw',0,1,'2023-03-18 13:21:08.450692','2023-03-18 13:21:08.450762'),(300,'James Mdala','jmdala@kuhes.ac.mw',0,1,'2023-03-18 13:21:08.461873','2023-03-18 13:21:08.461938'),(301,'James Mumderanji','jmumderanji@kuhes.ac.mw',0,1,'2023-03-18 13:21:08.472111','2023-03-18 13:21:08.472179'),(302,'James Peter Kamzimbi','pkamzimbi@kuhes.ac.mw',0,1,'2023-03-18 13:21:08.483203','2023-03-18 13:21:08.483312'),(303,'Jane Bates','jbates@kuhes.ac.mw',0,1,'2023-03-18 13:21:08.494883','2023-03-18 13:21:08.494953'),(304,'Jane Jessie Khaki','jkhaki@kuhes.ac.mw',0,1,'2023-03-18 13:21:08.505614','2023-03-18 13:21:08.505673'),(305,'Jane Maganga','jmaganga@kuhes.ac.mw',0,1,'2023-03-18 13:21:08.520660','2023-03-18 13:21:08.520737'),(306,'Jane Mallewa','jmallewa@kuhes.ac.mw',0,1,'2023-03-18 13:21:08.530781','2023-03-18 13:21:08.530839'),(307,'Janelisa Musaya','jmusaya@kuhes.ac.mw',0,1,'2023-03-18 13:21:08.541315','2023-03-18 13:21:08.541435'),(308,'Janet Kayira','jkayira@kuhes.ac.mw',0,1,'2023-03-18 13:21:08.550265','2023-03-18 13:21:08.550322'),(309,'Janet Sichone','jsichone@kuhes.ac.mw',0,1,'2023-03-18 13:21:08.562192','2023-03-18 13:21:08.562252'),(310,'Japhet Hulera','jhulera@kuhes.ac.mw',0,1,'2023-03-18 13:21:08.573795','2023-03-18 13:21:08.573855'),(311,'Jenala Njiram\'madzi','jnjirammadzi@kuhes.ac.mw',0,1,'2023-03-18 13:21:08.584808','2023-03-18 13:21:08.584880'),(312,'Jennifer Msowoya','jmsowoya@kuhes.ac.mw',0,1,'2023-03-18 13:21:08.596007','2023-03-18 13:21:08.596067'),(313,'Jesman Malango','jmalango@mac.kuhes.ac.mw',0,1,'2023-03-18 13:21:08.606855','2023-03-18 13:21:08.606918'),(314,'Jessie Mbamba','jmbamba@kuhes.ac.mw',0,1,'2023-03-18 13:21:08.620672','2023-03-18 13:21:08.620730'),(315,'Jimmy Msolola','jmsolola@kuhes.ac.mw',0,1,'2023-03-18 13:21:08.632531','2023-03-18 13:21:08.632632'),(316,'Jobiba Chinkhumba','jchinkhumba@kuhes.ac.mw',0,1,'2023-03-18 13:21:08.643689','2023-03-18 13:21:08.643746'),(317,'Joel Kumwenda','kumwendaj@kuhes.ac.mw',0,1,'2023-03-18 13:21:08.653079','2023-03-18 13:21:08.653166'),(318,'JOHN CHICCO MANDALA','jmandala@kuhes.ac.mw',0,1,'2023-03-18 13:21:08.664154','2023-03-18 13:21:08.664212'),(319,'John Chilale','jchilale@kuhes.ac.mw',0,1,'2023-03-18 13:21:08.676295','2023-03-18 13:21:08.676359'),(320,'John Kulesa','jkulesa@kuhes.ac.mw',0,1,'2023-03-18 13:21:08.687976','2023-03-18 13:21:08.688064'),(321,'John Mponda','jmponda@kuhes.ac.mw',0,1,'2023-03-18 13:21:08.700189','2023-03-18 13:21:08.700248'),(322,'John Phuka','jphuka@kuhes.ac.mw',0,1,'2023-03-18 13:21:08.716810','2023-03-18 13:21:08.716889'),(323,'John Shaba','jshaba@kuhes.ac.mw',0,1,'2023-03-18 13:21:08.730155','2023-03-18 13:21:08.730293'),(324,'Johnstone Kumwenda','jkumwenda@kuhes.ac.mw',0,1,'2023-03-18 13:21:08.747867','2023-03-18 13:21:08.747951'),(325,'Jomo Banda','jbanda@mac.kuhes.ac.mw',0,1,'2023-03-18 13:21:08.758994','2023-03-18 13:21:08.759134'),(326,'Jonam Samson','jsamson@kuhes.ac.mw',0,1,'2023-03-18 13:21:08.769404','2023-03-18 13:21:08.769486'),(327,'jonas sagawa','jsagawa@kuhes.ac.mw',0,1,'2023-03-18 13:21:08.778828','2023-03-18 13:21:08.778905'),(328,'Jonathan Ngoma','jngoma@kuhes.ac.mw',0,1,'2023-03-18 13:21:08.789423','2023-03-18 13:21:08.789505'),(329,'Jones Chakholoma','jchakholoma@kuhes.ac.mw',0,1,'2023-03-18 13:21:08.799442','2023-03-18 13:21:08.799499'),(330,'Joseph Chisaka','jchisaka@kuhes.ac.mw',0,1,'2023-03-18 13:21:08.809850','2023-03-18 13:21:08.809910'),(331,'Joseph Fulakeza','jfulakeza@kuhes.ac.mw',0,1,'2023-03-18 13:21:08.821501','2023-03-18 13:21:08.821560'),(332,'Joseph Malikula','jmalikula@kuhes.ac.mw',0,1,'2023-03-18 13:21:08.831770','2023-03-18 13:21:08.831838'),(333,'Joseph Mfutso-Bengo','mfutsobengo@kuhes.ac.mw',0,1,'2023-03-18 13:21:08.842909','2023-03-18 13:21:08.842972'),(334,'Joseph Thokozani','jthokozani@kuhes.ac.mw',0,1,'2023-03-18 13:21:08.853910','2023-03-18 13:21:08.854086'),(335,'Josephine Langton','jlangton@kuhes.ac.mw',0,1,'2023-03-18 13:21:08.864621','2023-03-18 13:21:08.864699'),(336,'Joyce Gondwe','jkgondwe@kuhes.ac.mw',0,1,'2023-03-18 13:21:08.877003','2023-03-18 13:21:08.877064'),(337,'Joyce Kamowa','jkamowa@kuhes.ac.mw',0,1,'2023-03-18 13:21:08.887948','2023-03-18 13:21:08.888008'),(338,'Joyce Mbewe','jmbewe@kuhes.ac.mw',0,1,'2023-03-18 13:21:08.900657','2023-03-18 13:21:08.900715'),(339,'Jumbe Jeffrey','jjeffrey@kuhes.ac.mw',0,1,'2023-03-18 13:21:08.912373','2023-03-18 13:21:08.912444'),(340,'Justin Kumala','jkumala@mac.kuhes.ac.mw',0,1,'2023-03-18 13:21:08.924001','2023-03-18 13:21:08.924074'),(341,'Juziel Manda','jmanda@kuhes.ac.mw',0,1,'2023-03-18 13:21:08.937009','2023-03-18 13:21:08.937068'),(342,'Kacheche Chimwemwe Chaona','ckacheche@kuhes.ac.mw',0,1,'2023-03-18 13:21:08.950860','2023-03-18 13:21:08.950919'),(343,'Kamija Phiri','kphiri@kuhes.ac.mw',0,1,'2023-03-18 13:21:08.961160','2023-03-18 13:21:08.961221'),(344,'Kanongola Thokozani Kwenje','tkwenje@kuhes.ac.mw',0,1,'2023-03-18 13:21:08.970869','2023-03-18 13:21:08.970927'),(345,'Kantagwala Ishmael Nyirenda','inyirenda@kuhes.ac.mw',0,1,'2023-03-18 13:21:08.982766','2023-03-18 13:21:08.982825'),(346,'Kanthungo Kapachika','kkapachika@mac.kuhes.ac.mw',0,1,'2023-03-18 13:21:08.993802','2023-03-18 13:21:08.993862'),(347,'Karen Chetcuti','kchetcuti@kuhes.ac.mw',0,1,'2023-03-18 13:21:09.005566','2023-03-18 13:21:09.005664'),(348,'Kate Chidzalo','kchidzalo@kuhes.ac.mw',0,1,'2023-03-18 13:21:09.015967','2023-03-18 13:21:09.016024'),(349,'Kaweme Mwafulirwa','kmwafulirwa@kuhes.ac.mw',0,1,'2023-03-18 13:21:09.026601','2023-03-18 13:21:09.026665'),(350,'Keith Maseko','keithmaseko@kuhes.ac.mw',0,1,'2023-03-18 13:21:09.039498','2023-03-18 13:21:09.039558'),(351,'KELVIN ARNOLD CHAWAWA','kchawawa@kuhes.ac.mw',0,1,'2023-03-18 13:21:09.050925','2023-03-18 13:21:09.050983'),(352,'Kelvin Kaneka','kkaneka@kuhes.ac.mw',0,1,'2023-03-18 13:21:09.062277','2023-03-18 13:21:09.062347'),(353,'KELVIN MASEKO','kmaseko@kuhes.ac.mw',0,1,'2023-03-18 13:21:09.072895','2023-03-18 13:21:09.072951'),(354,'Kennedy Jeputala','kjeputala@kuhes.ac.mw',0,1,'2023-03-18 13:21:09.083391','2023-03-18 13:21:09.083448'),(355,'Kenneth Johnson','kjohnson@kuhes.ac.mw',0,1,'2023-03-18 13:21:09.092965','2023-03-18 13:21:09.093057'),(356,'kenneth Maleta','kmaleta@kuhes.ac.mw',0,1,'2023-03-18 13:21:09.103392','2023-03-18 13:21:09.103451'),(357,'Khumbo Ng\'ong\'ola','kng\'ong\'ola@kuhes.ac.mw',0,1,'2023-03-18 13:21:09.113997','2023-03-18 13:21:09.114056'),(358,'Khuzwayo Jere','kjere@kuhes.ac.mw',0,1,'2023-03-18 13:21:09.125269','2023-03-18 13:21:09.125336'),(359,'Kingsley Afilu','kafilu@kuhes.ac.mw',0,1,'2023-03-18 13:21:09.138978','2023-03-18 13:21:09.139040'),(360,'Kingsley Gonani','kgonani@kuhes.ac.mw',0,1,'2023-03-18 13:21:09.150870','2023-03-18 13:21:09.150980'),(361,'Kitty Mkwate','kmkwate@kuhes.ac.mw',0,1,'2023-03-18 13:21:09.161948','2023-03-18 13:21:09.162007'),(362,'Kolala George Chitunga','gchitunga@kuhes.ac.mw',0,1,'2023-03-18 13:21:09.174145','2023-03-18 13:21:09.174203'),(363,'Kondoole Vanessa Dalitso Kabwere','pkabwere@kuhes.ac.mw',0,1,'2023-03-18 13:21:09.185983','2023-03-18 13:21:09.186046'),(364,'Kondwani Chalulu','kchalulu@kuhes.ac.mw',0,1,'2023-03-18 13:21:09.196909','2023-03-18 13:21:09.196967'),(365,'KONDWANI CHIDZINJA','kchidzinja@kuhes.ac.mw',0,1,'2023-03-18 13:21:09.209670','2023-03-18 13:21:09.209730'),(366,'Kondwani Daruni','kdaruni@kuhes.ac.mw',0,1,'2023-03-18 13:21:09.219804','2023-03-18 13:21:09.219857'),(367,'KONDWANI KACHALI','kkachali@mac.kuhes.ac.mw',0,1,'2023-03-18 13:21:09.230045','2023-03-18 13:21:09.230102'),(368,'Kondwani Katundu','kkatundu@kuhes.ac.mw',0,1,'2023-03-18 13:21:09.240009','2023-03-18 13:21:09.240064'),(369,'Kondwani Kawaza','kkawaza@kuhes.ac.mw',0,1,'2023-03-18 13:21:09.250559','2023-03-18 13:21:09.250621'),(370,'Kondwani Mkweu','kmkweu@kuhes.ac.mw',0,1,'2023-03-18 13:21:09.261296','2023-03-18 13:21:09.261355'),(371,'Kondwani Munthali','kmunthali@kuhes.ac.mw',0,1,'2023-03-18 13:21:09.275931','2023-03-18 13:21:09.275989'),(372,'Kumbukani Nyirenda','knyirenda@kuhes.ac.mw',0,1,'2023-03-18 13:21:09.286734','2023-03-18 13:21:09.286795'),(373,'Lackson Harrison Tembo','ltembo@kuhes.ac.mw',0,1,'2023-03-18 13:21:09.300696','2023-03-18 13:21:09.300757'),(374,'LAURA KAMANGA','lkamanga@kuhes.ac.mw',0,1,'2023-03-18 13:21:09.312349','2023-03-18 13:21:09.312408'),(375,'Laura Mjuweni','lmjuweni@kuhes.ac.mw',0,1,'2023-03-18 13:21:09.322655','2023-03-18 13:21:09.322752'),(376,'Layla Wathu Banda','lwbanda@kuhes.ac.mw',0,1,'2023-03-18 13:21:09.334547','2023-03-18 13:21:09.334612'),(377,'Leonard Banza Ngoie','lngoie@kuhes.ac.mw',0,1,'2023-03-18 13:21:09.345134','2023-03-18 13:21:09.345194'),(378,'Leonard Dokotala','ldokotala@kuhes.ac.mw',0,1,'2023-03-18 13:21:09.357449','2023-03-18 13:21:09.357537'),(379,'Leornard Mitochi','lmitochi@kuhes.ac.mw',0,1,'2023-03-18 13:21:09.371596','2023-03-18 13:21:09.371655'),(380,'Lexa Mlenga','lmlenga@kuhes.ac.mw',0,1,'2023-03-18 13:21:09.382620','2023-03-18 13:21:09.382758'),(381,'Lifa Chimphepo','lchimphepo@kuhes.ac.mw',0,1,'2023-03-18 13:21:09.394648','2023-03-18 13:21:09.394708'),(382,'Lilian Gondwe-Chunda','lgondwe@kuhes.ac.mw',0,1,'2023-03-18 13:21:09.404440','2023-03-18 13:21:09.404499'),(383,'lily kumbani','lilykumbani@kuhes.ac.mw',0,1,'2023-03-18 13:21:09.416125','2023-03-18 13:21:09.416211'),(384,'limbitso Kamba','lkamba@kuhes.ac.mw',0,1,'2023-03-18 13:21:09.427091','2023-03-18 13:21:09.427194'),(385,'Linda Kayere','lkayere@kuhes.ac.mw',0,1,'2023-03-18 13:21:09.439535','2023-03-18 13:21:09.439592'),(386,'Lindani Chirwa','lichirwa@kuhes.ac.mw',0,1,'2023-03-18 13:21:09.449176','2023-03-18 13:21:09.449235'),(387,'Liness Kataika','lkataika@kuhes.ac.mw',0,1,'2023-03-18 13:21:09.459824','2023-03-18 13:21:09.459902'),(388,'Lloyd Kambwiri','lkambwiri@kuhes.ac.mw',0,1,'2023-03-18 13:21:09.472968','2023-03-18 13:21:09.473027'),(389,'Lonjezo Chingaipe','lchingaipe@kuhes.ac.mw',0,1,'2023-03-18 13:21:09.484613','2023-03-18 13:21:09.484724'),(390,'Loreen Chimwenje','lchimwenje@kuhes.ac.mw',0,1,'2023-03-18 13:21:09.494693','2023-03-18 13:21:09.494750'),(391,'Lot Nyirenda','lnyirenda@kuhes.ac.mw',0,1,'2023-03-18 13:21:09.505512','2023-03-18 13:21:09.505571'),(392,'Louis Munyenyembe','lmunyenyembe@kuhes.ac.mw',0,1,'2023-03-18 13:21:09.514532','2023-03-18 13:21:09.514579'),(393,'Louisa Alfazema','lalfazema@kuhes.ac.mw',0,1,'2023-03-18 13:21:09.523702','2023-03-18 13:21:09.523750'),(394,'Lovemore Gomba','lgomba@kuhes.ac.mw',0,1,'2023-03-18 13:21:09.533311','2023-03-18 13:21:09.533361'),(395,'Lovemore Malunga','lmalunga@kuhes.ac.mw',0,1,'2023-03-18 13:21:09.541689','2023-03-18 13:21:09.541737'),(396,'Lucinda Manda Taylor','mandal@kuhes.ac.mw',0,1,'2023-03-18 13:21:09.552566','2023-03-18 13:21:09.552660'),(397,'LUCKSON CHIRWA','lchirwa@kuhes.ac.mw',0,1,'2023-03-18 13:21:09.561658','2023-03-18 13:21:09.561705'),(398,'Lucky Ngwira','lngwira@kuhes.ac.mw',0,1,'2023-03-18 13:21:09.571415','2023-03-18 13:21:09.571464'),(399,'Lucy Kaomba','lkaomba@kuhes.ac.mw',0,1,'2023-03-18 13:21:09.579914','2023-03-18 13:21:09.579961'),(400,'Lucy Msiska','lmsiska@kuhes.ac.mw',0,1,'2023-03-18 13:21:09.588533','2023-03-18 13:21:09.588571'),(401,'Luis Gadama','lgadama@kuhes.ac.mw',0,1,'2023-03-18 13:21:09.596864','2023-03-18 13:21:09.596910'),(402,'Luke Mkagula','lmkagula@kuhes.ac.mw',0,1,'2023-03-18 13:21:09.605666','2023-03-18 13:21:09.605711'),(403,'Lumbani Ngulube','lngulube@kuhes.ac.mw',0,1,'2023-03-18 13:21:09.612424','2023-03-18 13:21:09.612453'),(404,'Lusungu Kaira','lkaira@mac.kuhes.ac.mw',0,1,'2023-03-18 13:21:09.619771','2023-03-18 13:21:09.619801'),(405,'Lydia Mbewe','lmbewe@kuhes.ac.mw',0,1,'2023-03-18 13:21:09.624956','2023-03-18 13:21:09.624983'),(406,'Lyford Mwale','lmwale@kuhes.ac.mw',0,1,'2023-03-18 13:21:09.629257','2023-03-18 13:21:09.629278'),(407,'MacDonald Mwenelupembe','mmwenelupembe@kuhes.ac.mw',0,1,'2023-03-18 13:21:09.636546','2023-03-18 13:21:09.636599'),(408,'Maclan Alli','malli@kuhes.ac.mw',0,1,'2023-03-18 13:21:09.643572','2023-03-18 13:21:09.643615'),(409,'Macpherson Mallewa','mmallewa@kuhes.ac.mw',0,1,'2023-03-18 13:21:09.646902','2023-03-18 13:21:09.646922'),(410,'Madalito Tambala','mtambala@kuhes.ac.mw',0,1,'2023-03-18 13:21:09.651189','2023-03-18 13:21:09.651211'),(411,'Madalitso Eleciah Kaphamtengo','mekaphamtengo@kuhes.ac.mw',0,1,'2023-03-18 13:21:09.656204','2023-03-18 13:21:09.656262'),(412,'Madalitso Maliwichi','mmaliwichi@kuhes.ac.mw',0,1,'2023-03-18 13:21:09.662771','2023-03-18 13:21:09.662801'),(413,'Maggie Manda','mmanda@mac.kuhes.ac.mw',0,1,'2023-03-18 13:21:09.670511','2023-03-18 13:21:09.670553'),(414,'Maggie Mphande','mmphande@kuhes.ac.mw',0,1,'2023-03-18 13:21:09.676083','2023-03-18 13:21:09.676112'),(415,'Maggie Nkhonjera','mjnkhonjera@kuhes.ac.mw',0,1,'2023-03-18 13:21:09.680272','2023-03-18 13:21:09.680309'),(416,'MAGGIE NYALI','mnyali@kuhes.ac.mw',0,1,'2023-03-18 13:21:09.685600','2023-03-18 13:21:09.685640'),(417,'Maness Banda','bandam@kuhes.ac.mw',0,1,'2023-03-18 13:21:09.690310','2023-03-18 13:21:09.690338'),(418,'Mara Wakhutamoyo','mwakhutamoyo@kuhes.ac.mw',0,1,'2023-03-18 13:21:09.697577','2023-03-18 13:21:09.697635'),(419,'Marah N Taulo','mntaulo@kuhes.ac.mw',0,1,'2023-03-18 13:21:09.708184','2023-03-18 13:21:09.708245'),(420,'Maranatha Nkhata','mankhata@kuhes.ac.mw',0,1,'2023-03-18 13:21:09.719538','2023-03-18 13:21:09.719597'),(421,'Margaret Mayamiko Khonga','mkhonga@kuhes.ac.mw',0,1,'2023-03-18 13:21:09.729762','2023-03-18 13:21:09.729833'),(422,'Maria Wickson','mwickson@kuhes.ac.mw',0,1,'2023-03-18 13:21:09.740961','2023-03-18 13:21:09.741038'),(423,'MARRIAM SMART','msmart@kuhes.ac.mw',0,1,'2023-03-18 13:21:09.751637','2023-03-18 13:21:09.751695'),(424,'MARRIOT NLIWASA','mnliwasa@kuhes.ac.mw',0,1,'2023-03-18 13:21:09.763405','2023-03-18 13:21:09.763465'),(425,'Martha Kayamba','mkayamba@kuhes.ac.mw',0,1,'2023-03-18 13:21:09.773516','2023-03-18 13:21:09.773575'),(426,'Martha Masamba','mmasamba@kuhes.ac.mw',0,1,'2023-03-18 13:21:09.784453','2023-03-18 13:21:09.784511'),(427,'Martha Mitengo','mmitengo@kuhes.ac.mw',0,1,'2023-03-18 13:21:09.797915','2023-03-18 13:21:09.797974'),(428,'Martin Kamponda','mkamponda@kuhes.ac.mw',0,1,'2023-03-18 13:21:09.810303','2023-03-18 13:21:09.810363'),(429,'Martin Mwale','mmwale@kuhes.ac.mw',0,1,'2023-03-18 13:21:09.820684','2023-03-18 13:21:09.820758'),(430,'MARTIN NDELEMANI','mndelemani@kuhes.ac.mw',0,1,'2023-03-18 13:21:09.830887','2023-03-18 13:21:09.831066'),(431,'Martin Tembo','mmtembo@kuhes.ac.mw',0,1,'2023-03-18 13:21:09.842556','2023-03-18 13:21:09.842615'),(432,'Marvelous Muthema','mmuthema@kuhes.ac.mw',0,1,'2023-03-18 13:21:09.855845','2023-03-18 13:21:09.855905'),(433,'MARY CHIMWAZA','mchimwaza@kuhes.ac.mw',0,1,'2023-03-18 13:21:09.865902','2023-03-18 13:21:09.865961'),(434,'Mary Machilinga','mmachilinga@kuhes.ac.mw',0,1,'2023-03-18 13:21:09.876974','2023-03-18 13:21:09.877035'),(435,'Mary Makoti','mmakoti@kuhes.ac.mw',0,1,'2023-03-18 13:21:09.887573','2023-03-18 13:21:09.887620'),(436,'Mary mchumachao','mchumachao@kuhes.ac.mw',0,1,'2023-03-18 13:21:09.897542','2023-03-18 13:21:09.897582'),(437,'Mary Mphongolo','mmphongolo@kuhes.ac.mw',0,1,'2023-03-18 13:21:09.906283','2023-03-18 13:21:09.906359'),(438,'Mary Sakala','msakala@kuhes.ac.mw',0,1,'2023-03-18 13:21:09.914461','2023-03-18 13:21:09.914540'),(439,'Masauko Kachigamba','mkachigamba@kuhes.ac.mw',0,1,'2023-03-18 13:21:09.925657','2023-03-18 13:21:09.925718'),(440,'Massa Msiska','mmsiska@kuhes.ac.mw',0,1,'2023-03-18 13:21:09.938071','2023-03-18 13:21:09.938180'),(441,'Matilda Lali','mlali@kuhes.ac.mw',0,1,'2023-03-18 13:21:09.950457','2023-03-18 13:21:09.950561'),(442,'Mavuto Mahinya','mmahinya@kuhes.ac.mw',0,1,'2023-03-18 13:21:09.959196','2023-03-18 13:21:09.959252'),(443,'Maxes Chiona','mchiona@mac.kuhes.ac.mw',0,1,'2023-03-18 13:21:09.970922','2023-03-18 13:21:09.970982'),(444,'Maxwell Likhule','mlikhule@kuhes.ac.mw',0,1,'2023-03-18 13:21:09.980984','2023-03-18 13:21:09.981052'),(445,'Mayeso Gwedela','mgwedela@kuhes.ac.mw',0,1,'2023-03-18 13:21:09.990452','2023-03-18 13:21:09.990529'),(446,'Mayeso Makaika','mmakaika@kuhes.ac.mw',0,1,'2023-03-18 13:21:10.003908','2023-03-18 13:21:10.003965'),(447,'Mbewe Rabecca Priscilla Zulu','rzmbewe@kuhes.ac.mw',0,1,'2023-03-18 13:21:10.014663','2023-03-18 13:21:10.014737'),(448,'Mbeye Nyanyiwe','nmbeye@kuhes.ac.mw',0,1,'2023-03-18 13:21:10.026181','2023-03-18 13:21:10.026240'),(449,'Melanie Moyo','mmoyo@kuhes.ac.mw',0,1,'2023-03-18 13:21:10.037044','2023-03-18 13:21:10.037104'),(450,'Meng-Fan Tai','mtai@kuhes.ac.mw',0,1,'2023-03-18 13:21:10.049052','2023-03-18 13:21:10.049113'),(451,'Mercy Angella Kantengule','mkantengule@kuhes.ac.mw',0,1,'2023-03-18 13:21:10.062654','2023-03-18 13:21:10.062714'),(452,'Mercy Bakili','mbakili@kuhes.ac.mw',0,1,'2023-03-18 13:21:10.073134','2023-03-18 13:21:10.073196'),(453,'Mercy Ghambi','mghambi@kuhes.ac.mw',0,1,'2023-03-18 13:21:10.084457','2023-03-18 13:21:10.084516'),(454,'MERCY JUMA','mfjuma@kuhes.ac.mw',0,1,'2023-03-18 13:21:10.094864','2023-03-18 13:21:10.094934'),(455,'Mercy Kamdolozi','mkamdolozi@kuhes.ac.mw',0,1,'2023-03-18 13:21:10.107032','2023-03-18 13:21:10.107091'),(456,'Mercy Mtalimanja','mmtalimanja@kuhes.ac.mw',0,1,'2023-03-18 13:21:10.120140','2023-03-18 13:21:10.120199'),(457,'Merline Atulimbire Majawa','majawam@kuhes.ac.mw',0,1,'2023-03-18 13:21:10.132814','2023-03-18 13:21:10.132875'),(458,'Michael Mbewe','mmbewe@kuhes.ac.mw',0,1,'2023-03-18 13:21:10.143327','2023-03-18 13:21:10.143398'),(459,'Mike Rashid','mrashid@kuhes.ac.mw',0,1,'2023-03-18 13:21:10.154842','2023-03-18 13:21:10.154901'),(460,'MILLIANO DZIMBIRI','mdzimbiri@kuhes.ac.mw',0,1,'2023-03-18 13:21:10.166236','2023-03-18 13:21:10.166327'),(461,'Mirriam Chipinga','mchipinga@kuhes.ac.mw',0,1,'2023-03-18 13:21:10.180682','2023-03-18 13:21:10.180742'),(462,'Mirriam Jessie Chavula','mjchavula@kuhes.ac.mw',0,1,'2023-03-18 13:21:10.192251','2023-03-18 13:21:10.192323'),(463,'Mirriam Mataya','mmataya@kuhes.ac.mw',0,1,'2023-03-18 13:21:10.202362','2023-03-18 13:21:10.202438'),(464,'Misonzi Banda','misonzibanda@kuhes.ac.mw',0,1,'2023-03-18 13:21:10.213151','2023-03-18 13:21:10.213209'),(465,'Mkandawire Wonani Josaya','wjosaya@kuhes.ac.mw',0,1,'2023-03-18 13:21:10.225537','2023-03-18 13:21:10.225652'),(466,'Mlotha Jessie Namarika','jnamarika@kuhes.ac.mw',0,1,'2023-03-18 13:21:10.236549','2023-03-18 13:21:10.236606'),(467,'Modai Clement Mnenula','mmnenula@kuhes.ac.mw',0,1,'2023-03-18 13:21:10.250998','2023-03-18 13:21:10.251105'),(468,'MONICA MALATA','mpmalata@kuhes.ac.mw',0,1,'2023-03-18 13:21:10.261935','2023-03-18 13:21:10.261983'),(469,'Monica Msefula','mmsefula@kuhes.ac.mw',0,1,'2023-03-18 13:21:10.275008','2023-03-18 13:21:10.275048'),(470,'Monica Nzanga','mnzanga@kuhes.ac.mw',0,1,'2023-03-18 13:21:10.281407','2023-03-18 13:21:10.281450'),(471,'MONIJA SELEMANI','mselemani@mac.kuhes.ac.mw',0,1,'2023-03-18 13:21:10.290686','2023-03-18 13:21:10.290733'),(472,'MORRIS KATUNGA','mkatunga@kuhes.ac.mw',0,1,'2023-03-18 13:21:10.299680','2023-03-18 13:21:10.299721'),(473,'Moses Kacheto','mkacheto@kuhes.ac.mw',0,1,'2023-03-18 13:21:10.319281','2023-03-18 13:21:10.319338'),(474,'Moses Lackson','mlackson@mac.kuhes.ac.mw',0,1,'2023-03-18 13:21:10.326720','2023-03-18 13:21:10.326751'),(475,'Moyo Dominic','dmoyo@kuhes.ac.mw',0,1,'2023-03-18 13:21:10.332180','2023-03-18 13:21:10.332207'),(476,'Mphatso Gong\'a','mgong\'a@kuhes.ac.mw',0,1,'2023-03-18 13:21:10.335714','2023-03-18 13:21:10.335737'),(477,'Mphatso Maloya','mmaloya@kuhes.ac.mw',0,1,'2023-03-18 13:21:10.339407','2023-03-18 13:21:10.339434'),(478,'MPHATSO NGULUWE','mnguluwe@kuhes.ac.mw',0,1,'2023-03-18 13:21:10.344923','2023-03-18 13:21:10.344952'),(479,'Mphatso Phiri','mdphiri@kuhes.ac.mw',0,1,'2023-03-18 13:21:10.373774','2023-03-18 13:21:10.373882'),(480,'Mponda Kelvin','kmponda@kuhes.ac.mw',0,1,'2023-03-18 13:21:10.394108','2023-03-18 13:21:10.394700'),(481,'Msandeni Chiume','mchiume@kuhes.ac.mw',0,1,'2023-03-18 13:21:10.412972','2023-03-18 13:21:10.413081'),(482,'Msungeni Salanje','msalanje@kuhes.ac.mw',0,1,'2023-03-18 13:21:10.429027','2023-03-18 13:21:10.429101'),(483,'Mulinda Nyirenda','mnyirenda@kuhes.ac.mw',0,1,'2023-03-18 13:21:10.440514','2023-03-18 13:21:10.440609'),(484,'Mwale Elemia','ewmwale@kuhes.ac.mw',0,1,'2023-03-18 13:21:10.453840','2023-03-18 13:21:10.453938'),(485,'Mwandida Matilda Nkhoma','mmnkhoma@kuhes.ac.mw',0,1,'2023-03-18 13:21:10.464074','2023-03-18 13:21:10.464167'),(486,'Mwapatsa Mipando','mmipando@kuhes.ac.mw',0,1,'2023-03-18 13:21:10.475798','2023-03-18 13:21:10.475871'),(487,'Mwayi Ghambi','ghambim@kuhes.ac.mw',0,1,'2023-03-18 13:21:10.488681','2023-03-18 13:21:10.488795'),(488,'Naomi Kaore','nkaore@mac.kuhes.ac.mw',0,1,'2023-03-18 13:21:10.505316','2023-03-18 13:21:10.505387'),(489,'NAOMI SIBALE','nsibale@kuhes.ac.mw',0,1,'2023-03-18 13:21:10.517114','2023-03-18 13:21:10.517200'),(490,'Nathan Lungu','nlungu@kuhes.ac.mw',0,1,'2023-03-18 13:21:10.532152','2023-03-18 13:21:10.532226'),(491,'Ndaona Chitani','nchitani@kuhes.ac.mw',0,1,'2023-03-18 13:21:10.545626','2023-03-18 13:21:10.545701'),(492,'Ndaona Lyson','nlyson@kuhes.ac.mw',0,1,'2023-03-18 13:21:10.561612','2023-03-18 13:21:10.561688'),(493,'Ndaziona Peter Kwanjo Banda','npkbanda@kuhes.ac.mw',0,1,'2023-03-18 13:21:10.574070','2023-03-18 13:21:10.574143'),(494,'Nekhantani Zulu','nzulu@kuhes.ac.mw',0,1,'2023-03-18 13:21:10.585277','2023-03-18 13:21:10.585360'),(495,'Neliyo Chipendo','nchipendo@mac.kuhes.ac.mw',0,1,'2023-03-18 13:21:10.599751','2023-03-18 13:21:10.599836'),(496,'nellie kaunde','nkaunde@mac.kuhes.ac.mw',0,1,'2023-03-18 13:21:10.613767','2023-03-18 13:21:10.613917'),(497,'Nelson Binali','nbinali@kuhes.ac.mw',0,1,'2023-03-18 13:21:10.631761','2023-03-18 13:21:10.631834'),(498,'Nelson Jofilisi','njofilisi@kuhes.ac.mw',0,1,'2023-03-18 13:21:10.645660','2023-03-18 13:21:10.645746'),(499,'Nelson Nyoloka','nnyoloka@kuhes.ac.mw',0,1,'2023-03-18 13:21:10.662020','2023-03-18 13:21:10.662093'),(500,'Nelson Phiri','nphiri@kuhes.ac.mw',0,1,'2023-03-18 13:21:10.674419','2023-03-18 13:21:10.674515'),(501,'Nesto Tarimo','ntarimo@kuhes.ac.mw',0,1,'2023-03-18 13:21:10.686343','2023-03-18 13:21:10.686432'),(502,'Nettie Dzabala','ndzabala@kuhes.ac.mw',0,1,'2023-03-18 13:21:10.701777','2023-03-18 13:21:10.701850'),(503,'Noel Kalanga','nkalanga@kuhes.ac.mw',0,1,'2023-03-18 13:21:10.714608','2023-03-18 13:21:10.714695'),(504,'Noel Mazambani','noel@mac.kuhes.ac.mw',0,1,'2023-03-18 13:21:10.726207','2023-03-18 13:21:10.726297'),(505,'Noel Thunde','nthunde@kuhes.ac.mw',0,1,'2023-03-18 13:21:10.740011','2023-03-18 13:21:10.740084'),(506,'nyangu chirambo','nfchirambo@kuhes.ac.mw',0,1,'2023-03-18 13:21:10.752339','2023-03-18 13:21:10.752433'),(507,'Nyengo Mkandawire','nmkandawire@kuhes.ac.mw',0,1,'2023-03-18 13:21:10.762892','2023-03-18 13:21:10.762970'),(508,'NYOZANI DIKAMDIMA','ndikamdima@kuhes.ac.mw',0,1,'2023-03-18 13:21:10.774077','2023-03-18 13:21:10.774155'),(509,'Olive Liwimbi','oliwimbi@kuhes.ac.mw',0,1,'2023-03-18 13:21:10.787550','2023-03-18 13:21:10.787621'),(510,'Olive Magwanyama','omagwanyama@mac.kuhes.ac.mw',0,1,'2023-03-18 13:21:10.801572','2023-03-18 13:21:10.801647'),(511,'Orama Lipenga','olipenga@kuhes.ac.mw',0,1,'2023-03-18 13:21:10.814211','2023-03-18 13:21:10.814311'),(512,'Oreen Nkhonjera','onkhonjera@kuhes.ac.mw',0,1,'2023-03-18 13:21:10.826276','2023-03-18 13:21:10.826369'),(513,'Oscar Soko','osoko@kuhes.ac.mw',0,1,'2023-03-18 13:21:10.842727','2023-03-18 13:21:10.842808'),(514,'Owen Ndalama','ondalama@mac.kuhes.ac.mw',0,1,'2023-03-18 13:21:10.856625','2023-03-18 13:21:10.856707'),(515,'Pachalo Chirwa','chirwap@kuhes.ac.mw',0,1,'2023-03-18 13:21:10.874252','2023-03-18 13:21:10.874345'),(516,'Palinji Mungoni','pmungoni@kuhes.ac.mw',0,1,'2023-03-18 13:21:10.886605','2023-03-18 13:21:10.886724'),(517,'PANDEKHA MUGHOGHO','pmughogho@kuhes.ac.mw',0,1,'2023-03-18 13:21:10.902457','2023-03-18 13:21:10.902529'),(518,'PATANI MHANGO','pmhango@kuhes.ac.mw',0,1,'2023-03-18 13:21:10.915939','2023-03-18 13:21:10.916011'),(519,'Patience Simbi','psimbi@mac.kuhes.ac.mw',0,1,'2023-03-18 13:21:10.932897','2023-03-18 13:21:10.932967'),(520,'Patricia Swagart','pswagart@kuhes.ac.mw',0,1,'2023-03-18 13:21:10.945763','2023-03-18 13:21:10.945837'),(521,'Patrick Dunga','pdunga@kuhes.ac.mw',0,1,'2023-03-18 13:21:10.958000','2023-03-18 13:21:10.958074'),(522,'Patrick Nachipo','pnachipo@kuhes.ac.mw',0,1,'2023-03-18 13:21:10.971041','2023-03-18 13:21:10.971112'),(523,'Patrick Noah','pnoah@kuhes.ac.mw',0,1,'2023-03-18 13:21:10.984688','2023-03-18 13:21:10.984760'),(524,'Patsy Kaipa','pkaipa@kuhes.ac.mw',0,1,'2023-03-18 13:21:10.996894','2023-03-18 13:21:10.996966'),(525,'Paul Chipeta','pchipeta@kuhes.ac.mw',0,1,'2023-03-18 13:21:11.010995','2023-03-18 13:21:11.011190'),(526,'Paul Harneck','pharneck@kuhes.ac.mw',0,1,'2023-03-18 13:21:11.023479','2023-03-18 13:21:11.023557'),(527,'Paul Kawale','pkawale@kuhes.ac.mw',0,1,'2023-03-18 13:21:11.036118','2023-03-18 13:21:11.036295'),(528,'Paul Macdonald','pmacdonald@kuhes.ac.mw',0,1,'2023-03-18 13:21:11.052856','2023-03-18 13:21:11.052933'),(529,'Pauline Katundu','pkatundu@kuhes.ac.mw',0,1,'2023-03-18 13:21:11.066489','2023-03-18 13:21:11.066668'),(530,'Pauline Mgoli','pmgoli@mac.kuhes.ac.mw',0,1,'2023-03-18 13:21:11.083290','2023-03-18 13:21:11.083371'),(531,'Penny Kumwenda','penkumwenda@kuhes.ac.mw',0,1,'2023-03-18 13:21:11.096484','2023-03-18 13:21:11.096555'),(532,'Personal Assistant Dean Global Health','pa.executivedeansogaph@kuhes.ac.mw',0,1,'2023-03-18 13:21:11.112437','2023-03-18 13:21:11.112507'),(533,'Personal Assistant Deputy Vice Chancellor','pa.dvc@kuhes.ac.mw',0,1,'2023-03-18 13:21:11.124501','2023-03-18 13:21:11.124569'),(534,'Personal Assistant Registrar','paregistrar@kuhes.ac.mw',0,1,'2023-03-18 13:21:11.141027','2023-03-18 13:21:11.141099'),(535,'Personal Assistant Vice Chancellor','pa.vc@kuhes.ac.mw',0,1,'2023-03-18 13:21:11.153829','2023-03-18 13:21:11.153903'),(536,'Peter Chimimba','pchimimba@kuhes.ac.mw',0,1,'2023-03-18 13:21:11.164675','2023-03-18 13:21:11.164756'),(537,'Peter Kahumbe','pkahumbe@kuhes.ac.mw',0,1,'2023-03-18 13:21:11.178295','2023-03-18 13:21:11.178367'),(538,'Peter Kumpalume','pkumpalume@kuhes.ac.mw',0,1,'2023-03-18 13:21:11.191941','2023-03-18 13:21:11.192067'),(539,'Peter Mathero','pmathero@kuhes.ac.mw',0,1,'2023-03-18 13:21:11.206279','2023-03-18 13:21:11.206374'),(540,'PETER MCHENGA','pmchenga@kuhes.ac.mw',0,1,'2023-03-18 13:21:11.220821','2023-03-18 13:21:11.220910'),(541,'Peter Moons','pmoons@kuhes.ac.mw',0,1,'2023-03-18 13:21:11.234900','2023-03-18 13:21:11.234990'),(542,'Peter Tembo','ptembo@kuhes.ac.mw',0,1,'2023-03-18 13:21:11.248676','2023-03-18 13:21:11.248760'),(543,'Petros Kayange','pkayange@kuhes.ac.mw',0,1,'2023-03-18 13:21:11.261863','2023-03-18 13:21:11.261966'),(544,'Phanga Annita','aphanga@kuhes.ac.mw',0,1,'2023-03-18 13:21:11.274340','2023-03-18 13:21:11.274452'),(545,'Phatisan Bango','pbango@kuhes.ac.mw',0,1,'2023-03-18 13:21:11.286431','2023-03-18 13:21:11.286502'),(546,'Pililani Pananji','ppananji@kuhes.ac.mw',0,1,'2023-03-18 13:21:11.305167','2023-03-18 13:21:11.305246'),(547,'PILIRANI MAKUTA','pmakuta@kuhes.ac.mw',0,1,'2023-03-18 13:21:11.319230','2023-03-18 13:21:11.319324'),(548,'Precious Ngwalero Katundu','prkatundu@kuhes.ac.mw',0,1,'2023-03-18 13:21:11.333317','2023-03-18 13:21:11.333389'),(549,'Precious Zintambira','pzintambira@kuhes.ac.mw',0,1,'2023-03-18 13:21:11.346193','2023-03-18 13:21:11.346261'),(550,'Prince Mtenthaonga','pmtenthaonga@kuhes.ac.mw',0,1,'2023-03-18 13:21:11.357482','2023-03-18 13:21:11.357563'),(551,'Prisca Kaunda','pkaunda@kuhes.ac.mw',0,1,'2023-03-18 13:21:11.371032','2023-03-18 13:21:11.371103'),(552,'Prisca Matambo','pmatambo@kuhes.ac.mw',0,1,'2023-03-18 13:21:11.387605','2023-03-18 13:21:11.387676'),(553,'Prisca Philliness Harawa','pharawa@kuhes.ac.mw',0,1,'2023-03-18 13:21:11.400905','2023-03-18 13:21:11.400993'),(554,'Priscilla Mvula','pmvula@kuhes.ac.mw',0,1,'2023-03-18 13:21:11.414553','2023-03-18 13:21:11.414625'),(555,'Priscilla Princess Mhango','ppmhango@kuhes.ac.mw',0,1,'2023-03-18 13:21:11.428876','2023-03-18 13:21:11.428976'),(556,'Prosper Mukobelwa Lutala','plutala@kuhes.ac.mw',0,1,'2023-03-18 13:21:11.441885','2023-03-18 13:21:11.441995'),(557,'Quina Nhlema','qnhlema@kuhes.ac.mw',0,1,'2023-03-18 13:21:11.455718','2023-03-18 13:21:11.455818'),(558,'Rabecca Turkel','rturkel@kuhes.ac.mw',0,1,'2023-03-18 13:21:11.466155','2023-03-18 13:21:11.466229'),(559,'Radson Kazione Kulisewa','kkulisewa@kuhes.ac.mw',0,1,'2023-03-18 13:21:11.483408','2023-03-18 13:21:11.483479'),(560,'Rajab Mkakosya','rmkakosya@kuhes.ac.mw',0,1,'2023-03-18 13:21:11.495929','2023-03-18 13:21:11.495999'),(561,'RAPHAEL CHIPATALA','rchipatala@kuhes.ac.mw',0,1,'2023-03-18 13:21:11.508380','2023-03-18 13:21:11.508451'),(562,'Razak Mussa','rmussa@kuhes.ac.mw',0,1,'2023-03-18 13:21:11.519896','2023-03-18 13:21:11.520074'),(563,'Regina Chikuse','rchikuse@kuhes.ac.mw',0,1,'2023-03-18 13:21:11.533273','2023-03-18 13:21:11.533344'),(564,'RENNIE KAMPIRA','rkampira@kuhes.ac.mw',0,1,'2023-03-18 13:21:11.546946','2023-03-18 13:21:11.547018'),(565,'Reuben Kalavina','rkalavina@kuhes.ac.mw',0,1,'2023-03-18 13:21:11.559846','2023-03-18 13:21:11.559995'),(566,'RICHARD MMADI','rmmadi@kuhes.ac.mw',0,1,'2023-03-18 13:21:11.573000','2023-03-18 13:21:11.573070'),(567,'RICHARD MPICHI','rmpichi@kuhes.ac.mw',0,1,'2023-03-18 13:21:11.587014','2023-03-18 13:21:11.587086'),(568,'Richard Nhlane','rnhlane@kuhes.ac.mw',0,1,'2023-03-18 13:21:11.603136','2023-03-18 13:21:11.603208'),(569,'Richard Phiri','rsphiri@kuhes.ac.mw',0,1,'2023-03-18 13:21:11.615814','2023-03-18 13:21:11.615907'),(570,'Robert Matanga','rmatanga@kuhes.ac.mw',0,1,'2023-03-18 13:21:11.632974','2023-03-18 13:21:11.633045'),(571,'ROBERT MATAYA','matayar@kuhes.ac.mw',0,1,'2023-03-18 13:21:11.646427','2023-03-18 13:21:11.646499'),(572,'Robert Ntenje','rntenje@kuhes.ac.mw',0,1,'2023-03-18 13:21:11.662212','2023-03-18 13:21:11.662284'),(573,'Robert Phiri','rphiri@kuhes.ac.mw',0,1,'2023-03-18 13:21:11.675020','2023-03-18 13:21:11.675090'),(574,'ROBINA SEMPHERE','rsemphere@kuhes.ac.mw',0,1,'2023-03-18 13:21:11.686328','2023-03-18 13:21:11.686415'),(575,'rodwell gundo','rgundo@kuhes.ac.mw',0,1,'2023-03-18 13:21:11.701591','2023-03-18 13:21:11.701758'),(576,'Rose Chipojola','rchipojola@kuhes.ac.mw',0,1,'2023-03-18 13:21:11.713676','2023-03-18 13:21:11.713837'),(577,'Rose Kadewa','rkadewa@kuhes.ac.mw',0,1,'2023-03-18 13:21:11.726103','2023-03-18 13:21:11.726176'),(578,'Rosebay Machisa Kasalika','rkasalika@kuhes.ac.mw',0,1,'2023-03-18 13:21:11.740930','2023-03-18 13:21:11.741002'),(579,'RSC Communications Unit','rscinfo@kuhes.ac.mw',0,1,'2023-03-18 13:21:11.752400','2023-03-18 13:21:11.752472'),(580,'Ruth Kaundamakagolo','rkagolo@kuhes.ac.mw',0,1,'2023-03-18 13:21:11.771417','2023-03-18 13:21:11.771491'),(581,'Ruth Msukwa','rmsukwa@kuhes.ac.mw',0,1,'2023-03-18 13:21:11.783644','2023-03-18 13:21:11.783713'),(582,'Sabina Majiga','smajiga@mac.kuhes.ac.mw',0,1,'2023-03-18 13:21:11.796230','2023-03-18 13:21:11.796300'),(583,'Samson Kalulu','skalulu@kuhes.ac.mw',0,1,'2023-03-18 13:21:11.810613','2023-03-18 13:21:11.810704'),(584,'Samuel Gwayi','sgwayi@kuhes.ac.mw',0,1,'2023-03-18 13:21:11.822454','2023-03-18 13:21:11.822530'),(585,'Samuel James Meja','sjmeja@kuhes.ac.mw',0,1,'2023-03-18 13:21:11.835290','2023-03-18 13:21:11.835359'),(586,'SAMUEL LAISI','slaisi@kuhes.ac.mw',0,1,'2023-03-18 13:21:11.846295','2023-03-18 13:21:11.846367'),(587,'Samuel Nsambo','snsambo@kuhes.ac.mw',0,1,'2023-03-18 13:21:11.859964','2023-03-18 13:21:11.860078'),(588,'Samuel Vincent Phiri','vsamuel@kuhes.ac.mw',0,1,'2023-03-18 13:21:11.876652','2023-03-18 13:21:11.876725'),(589,'Secretary obsgynae','sec.obsgynae@kuhes.ac.mw',0,1,'2023-03-18 13:21:11.890085','2023-03-18 13:21:11.890154'),(590,'Shaffi Mdala','smdala@kuhes.ac.mw',0,1,'2023-03-18 13:21:11.903545','2023-03-18 13:21:11.903690'),(591,'Shaibu Kwitanda','skwitanda@kuhes.ac.mw',0,1,'2023-03-18 13:21:11.916043','2023-03-18 13:21:11.916118'),(592,'SHAIBU MSUSA','smsusa@kuhes.ac.mw',0,1,'2023-03-18 13:21:11.931920','2023-03-18 13:21:11.932019'),(593,'Shameem Msonthi','smsonthi@kuhes.ac.mw',0,1,'2023-03-18 13:21:11.943890','2023-03-18 13:21:11.943963'),(594,'shupikai kambiring\'oma','skambiring\'oma@mac.kuhes.ac.mw',0,1,'2023-03-18 13:21:11.956603','2023-03-18 13:21:11.956689'),(595,'Siphiwe Chidule','schidule@kuhes.ac.mw',0,1,'2023-03-18 13:21:11.971308','2023-03-18 13:21:11.971628'),(596,'Siphiwe Lino','slino@kuhes.ac.mw',0,1,'2023-03-18 13:21:11.983083','2023-03-18 13:21:11.983268'),(597,'SJ Taibu','staibu@kuhes.ac.mw',0,1,'2023-03-18 13:21:11.996177','2023-03-18 13:21:11.996249'),(598,'Slarge Lembani','slembani@kuhes.ac.mw',0,1,'2023-03-18 13:21:12.010466','2023-03-18 13:21:12.010542'),(599,'solomon ngwira','sngwira@mac.kuhes.ac.mw',0,1,'2023-03-18 13:21:12.022374','2023-03-18 13:21:12.022446'),(600,'SPHIWE MZATI','smzati@kuhes.ac.mw',0,1,'2023-03-18 13:21:12.034013','2023-03-18 13:21:12.034106'),(601,'Stainfield Sibande','ssibande@kuhes.ac.mw',0,1,'2023-03-18 13:21:12.047517','2023-03-18 13:21:12.047586'),(602,'Stanford Taibu','staibua@kuhes.ac.mw',0,1,'2023-03-18 13:21:12.062169','2023-03-18 13:21:12.062241'),(603,'Stanley Pafupi','spafupi@kuhes.ac.mw',0,1,'2023-03-18 13:21:12.074098','2023-03-18 13:21:12.074174'),(604,'Stephen Njolomole','snjolomole@kuhes.ac.mw',0,1,'2023-03-18 13:21:12.086403','2023-03-18 13:21:12.086472'),(605,'Steve Kamiza','skamiza@kuhes.ac.mw',0,1,'2023-03-18 13:21:12.100565','2023-03-18 13:21:12.100653'),(606,'Steven Manyozo','sdmanyozo@kuhes.ac.mw',0,1,'2023-03-18 13:21:12.113448','2023-03-18 13:21:12.113520'),(607,'Steven Sadya','ssadya@kuhes.ac.mw',0,1,'2023-03-18 13:21:12.125890','2023-03-18 13:21:12.125963'),(608,'Sthembiso Msisha','smsisha@kuhes.ac.mw',0,1,'2023-03-18 13:21:12.138542','2023-03-18 13:21:12.138613'),(609,'Stuart Chirambo','schirambo@kuhes.ac.mw',0,1,'2023-03-18 13:21:12.150048','2023-03-18 13:21:12.150119'),(610,'Sunshine Kandiero','skandiero@kuhes.ac.mw',0,1,'2023-03-18 13:21:12.167065','2023-03-18 13:21:12.167135'),(611,'SUZGIKA LAKUDZALA','slakudzala@kuhes.ac.mw',0,1,'2023-03-18 13:21:12.180513','2023-03-18 13:21:12.180585'),(612,'Sylvester Dalitso Chabunya','schabunya@kuhes.ac.mw',0,1,'2023-03-18 13:21:12.193944','2023-03-18 13:21:12.194035'),(613,'Symon Fidelis Nayupe','snayupe@kuhes.ac.mw',0,1,'2023-03-18 13:21:12.208312','2023-03-18 13:21:12.208419'),(614,'Syrold Chimatiro','schimatiro@kuhes.ac.mw',0,1,'2023-03-18 13:21:12.220279','2023-03-18 13:21:12.220360'),(615,'Takondwa Bakuwa','tbakuwa@kuhes.ac.mw',0,1,'2023-03-18 13:21:12.233363','2023-03-18 13:21:12.233459'),(616,'Takondwa Mbewe','tmbewe@kuhes.ac.mw',0,1,'2023-03-18 13:21:12.245155','2023-03-18 13:21:12.245233'),(617,'Takondwa Msosa','tmsosa@kuhes.ac.mw',0,1,'2023-03-18 13:21:12.258311','2023-03-18 13:21:12.258387'),(618,'TALITHA MPANDO','tmpando@kuhes.ac.mw',0,1,'2023-03-18 13:21:12.272291','2023-03-18 13:21:12.272362'),(619,'Tamara Phiri','tphiri@kuhes.ac.mw',0,1,'2023-03-18 13:21:12.284534','2023-03-18 13:21:12.284607'),(620,'TAMENJI CHINOKO','tchinoko@kuhes.ac.mw',0,1,'2023-03-18 13:21:12.297559','2023-03-18 13:21:12.297630'),(621,'Tasneem Chikwatu','tchikwatu@kuhes.ac.mw',0,1,'2023-03-18 13:21:12.312794','2023-03-18 13:21:12.312864'),(622,'Taurai Gombera','tgombera@kuhes.ac.mw',0,1,'2023-03-18 13:21:12.324065','2023-03-18 13:21:12.324193'),(623,'Thandi Ngaunje','tngaunje@kuhes.ac.mw',0,1,'2023-03-18 13:21:12.338291','2023-03-18 13:21:12.338370'),(624,'Thandie Mwalukomo','tmwalukomo@kuhes.ac.mw',0,1,'2023-03-18 13:21:12.350777','2023-03-18 13:21:12.350848'),(625,'Thengo Kavinya','tkavinya@kuhes.ac.mw',0,1,'2023-03-18 13:21:12.365123','2023-03-18 13:21:12.365291'),(626,'Theresa Ngalawesa','tngalawesa@kuhes.ac.mw',0,1,'2023-03-18 13:21:12.374386','2023-03-18 13:21:12.374481'),(627,'Thoko Kanongola','tkanongola@kuhes.ac.mw',0,1,'2023-03-18 13:21:12.388527','2023-03-18 13:21:12.388601'),(628,'Thoko Shaba','tshaba@kuhes.ac.mw',0,1,'2023-03-18 13:21:12.401094','2023-03-18 13:21:12.401169'),(629,'Thokozani Elia','telia@kuhes.ac.mw',0,1,'2023-03-18 13:21:12.413472','2023-03-18 13:21:12.413543'),(630,'Thokozani Maloni','tmaloni@kuhes.ac.mw',0,1,'2023-03-18 13:21:12.425718','2023-03-18 13:21:12.425790'),(631,'Thokozani Masina','tmasina@kuhes.ac.mw',0,1,'2023-03-18 13:21:12.438257','2023-03-18 13:21:12.438430'),(632,'Thokozani Zungu','tzungu@kuhes.ac.mw',0,1,'2023-03-18 13:21:12.452319','2023-03-18 13:21:12.452389'),(633,'Thom Kaledzera','tkaledzera@kuhes.ac.mw',0,1,'2023-03-18 13:21:12.465061','2023-03-18 13:21:12.465150'),(634,'Thomas Chimbalame','tchimbalame@kuhes.ac.mw',0,1,'2023-03-18 13:21:12.475238','2023-03-18 13:21:12.475311'),(635,'Tilinde Chokotho','tchokotho@kuhes.ac.mw',0,1,'2023-03-18 13:21:12.488652','2023-03-18 13:21:12.488777'),(636,'Timothy Kachitosi','tkachitosi@kuhes.ac.mw',0,1,'2023-03-18 13:21:12.508971','2023-03-18 13:21:12.509050'),(637,'TIONGE SIKWESE','tdsikwese@kuhes.ac.mw',0,1,'2023-03-18 13:21:12.522633','2023-03-18 13:21:12.522705'),(638,'Titha Mbale','tmbale@kuhes.ac.mw',0,1,'2023-03-18 13:21:12.535580','2023-03-18 13:21:12.535649'),(639,'Tiwonge Mtande','tmtande@kuhes.ac.mw',0,1,'2023-03-18 13:21:12.548945','2023-03-18 13:21:12.549019'),(640,'TIYAMIKA MAKUNGUYA','tmakunguya@kuhes.ac.mw',0,1,'2023-03-18 13:21:12.561976','2023-03-18 13:21:12.562062'),(641,'Tiyamike Chilunjika','tchilunjika@kuhes.ac.mw',0,1,'2023-03-18 13:21:12.575062','2023-03-18 13:21:12.575133'),(642,'Tiyese Chikhadwe','tchikhadwe@kuhes.ac.mw',0,1,'2023-03-18 13:21:12.589712','2023-03-18 13:21:12.589783'),(643,'TLDC Curriculum','tldccurriculum@kuhes.ac.mw',0,1,'2023-03-18 13:21:12.604110','2023-03-18 13:21:12.604182'),(644,'TLDC Director','tldcdirector@kuhes.ac.mw',0,1,'2023-03-18 13:21:12.618168','2023-03-18 13:21:12.618237'),(645,'TLDC Information','tldcinfo@kuhes.ac.mw',0,1,'2023-03-18 13:21:12.631630','2023-03-18 13:21:12.631703'),(646,'Tonney Nyirenda','tnyirenda@kuhes.ac.mw',0,1,'2023-03-18 13:21:12.644588','2023-03-18 13:21:12.644777'),(647,'Trancizeo Lipenga','tlipenga@kuhes.ac.mw',0,1,'2023-03-18 13:21:12.659177','2023-03-18 13:21:12.659264'),(648,'Trinity Ninje','tninje@kuhes.ac.mw',0,1,'2023-03-18 13:21:12.671093','2023-03-18 13:21:12.671175'),(649,'Tsalani Arthur Manjatika','amanjatika@kuhes.ac.mw',0,1,'2023-03-18 13:21:12.683472','2023-03-18 13:21:12.683552'),(650,'Tsilizani Kamadyaapa','tkamadyaapa@kuhes.ac.mw',0,1,'2023-03-18 13:21:12.695173','2023-03-18 13:21:12.695245'),(651,'Tuntufye Mwambyale','tmwambyale@kuhes.ac.mw',0,1,'2023-03-18 13:21:12.709331','2023-03-18 13:21:12.709400'),(652,'Tusekeleghe Nyondo','tnyondo@kuhes.ac.mw',0,1,'2023-03-18 13:21:12.722491','2023-03-18 13:21:12.722562'),(653,'Uchizi Ngwira','ungwira@kuhes.ac.mw',0,1,'2023-03-18 13:21:12.738328','2023-03-18 13:21:12.738450'),(654,'Upile Matululu','umatululu@kuhes.ac.mw',0,1,'2023-03-18 13:21:12.754652','2023-03-18 13:21:12.754725'),(655,'Van Heike Klinken','hklinken@kuhes.ac.mw',0,1,'2023-03-18 13:21:12.767812','2023-03-18 13:21:12.767895'),(656,'VICTOR MSUSA Phiri','vmsusa@kuhes.ac.mw',0,1,'2023-03-18 13:21:12.781623','2023-03-18 13:21:12.781693'),(657,'Victor Mwapasa','vmwapasa@kuhes.ac.mw',0,1,'2023-03-18 13:21:12.795313','2023-03-18 13:21:12.795385'),(658,'Victor Ndhlovu','vndhlovu@kuhes.ac.mw',0,1,'2023-03-18 13:21:12.808078','2023-03-18 13:21:12.808148'),(659,'Victoria Memory Nnensa','vnnensa@kuhes.ac.mw',0,1,'2023-03-18 13:21:12.820742','2023-03-18 13:21:12.820812'),(660,'Vincent Jumbe','vjumbe@kuhes.ac.mw',0,1,'2023-03-18 13:21:12.834614','2023-03-18 13:21:12.834694'),(661,'Vincent Mkochi','vmkochi@kuhes.ac.mw',0,1,'2023-03-18 13:21:12.849923','2023-03-18 13:21:12.849995'),(662,'Viola Phiri','phiriv@kuhes.ac.mw',0,1,'2023-03-18 13:21:12.863753','2023-03-18 13:21:12.863838'),(663,'Violet Kamwendo','vchikhambi@kuhes.ac.mw',0,1,'2023-03-18 13:21:12.875005','2023-03-18 13:21:12.875075'),(664,'Waddi Mikwana','wmikwana@kuhes.ac.mw',0,1,'2023-03-18 13:21:12.888508','2023-03-18 13:21:12.888579'),(665,'Wadson Chirwa','wchirwa@kuhes.ac.mw',0,1,'2023-03-18 13:21:12.901746','2023-03-18 13:21:12.901819'),(666,'Wakisa Kipandula','wkipandula@kuhes.ac.mw',0,1,'2023-03-18 13:21:12.914065','2023-03-18 13:21:12.914158'),(667,'Wakisa Mulwafu','wmulwafu@kuhes.ac.mw',0,1,'2023-03-18 13:21:12.925566','2023-03-18 13:21:12.925639'),(668,'Wakumanya Sibande','wsibande@kuhes.ac.mw',0,1,'2023-03-18 13:21:12.939860','2023-03-18 13:21:12.939979'),(669,'Walusungu Lwinga','wlwinga@kuhes.ac.mw',0,1,'2023-03-18 13:21:12.952059','2023-03-18 13:21:12.952152'),(670,'Waluza Mwafulirwa','wmwafulirwa@kuhes.ac.mw',0,1,'2023-03-18 13:21:12.965307','2023-03-18 13:21:12.965402'),(671,'Wamaka Gondwe','wbgondwe@kuhes.ac.mw',0,1,'2023-03-18 13:21:12.975616','2023-03-18 13:21:12.975686'),(672,'Wanagwa Chimwaza','wchimwaza@kuhes.ac.mw',0,1,'2023-03-18 13:21:12.989347','2023-03-18 13:21:12.989417'),(673,'Wangisani Kumalakwaanthu','wkumala@mac.kuhes.ac.mw',0,1,'2023-03-18 13:21:13.002709','2023-03-18 13:21:13.002777'),(674,'WAPULUMUKA MASAMBUKA','wmasambuka@kuhes.ac.mw',0,1,'2023-03-18 13:21:13.016060','2023-03-18 13:21:13.016127'),(675,'Wathu Layla Banda','wbanda@kuhes.ac.mw',0,1,'2023-03-18 13:21:13.033731','2023-03-18 13:21:13.033802'),(676,'watson msosa','wmsosa@kuhes.ac.mw',0,1,'2023-03-18 13:21:13.046936','2023-03-18 13:21:13.047038'),(677,'Wezzie Temwani Kwangwani','tkwangwani@kuhes.ac.mw',0,1,'2023-03-18 13:21:13.060570','2023-03-18 13:21:13.060640'),(678,'WILLARD DZONZI','wdzonzi@kuhes.ac.mw',0,1,'2023-03-18 13:21:13.074920','2023-03-18 13:21:13.074994'),(679,'William Karanya','wkaranya@kuhes.ac.mw',0,1,'2023-03-18 13:21:13.091541','2023-03-18 13:21:13.091612'),(680,'WILLIAM KHOMOLINA','wkhomolina@kuhes.ac.mw',0,1,'2023-03-18 13:21:13.104760','2023-03-18 13:21:13.104833'),(681,'William Nkhono','wnkhono@kuhes.ac.mw',0,1,'2023-03-18 13:21:13.116775','2023-03-18 13:21:13.116912'),(682,'Wilson Kumwenda','wkumwenda@kuhes.ac.mw',0,1,'2023-03-18 13:21:13.133179','2023-03-18 13:21:13.133270'),(683,'Wilson Lemani','wlemani@kuhes.ac.mw',0,1,'2023-03-18 13:21:13.145362','2023-03-18 13:21:13.145435'),(684,'Wingston Ng\'ambi','wng\'ambi@kuhes.ac.mw',0,1,'2023-03-18 13:21:13.159067','2023-03-18 13:21:13.159144'),(685,'Winnie Chilemba','wchilemba@kuhes.ac.mw',0,1,'2023-03-18 13:21:13.173228','2023-03-18 13:21:13.173341'),(686,'Wlfred Kantchilala','wkantchilala@kuhes.ac.mw',0,1,'2023-03-18 13:21:13.184751','2023-03-18 13:21:13.184830'),(687,'WONGANI NYANGULU','wnyangulu@kuhes.ac.mw',0,1,'2023-03-18 13:21:13.198823','2023-03-18 13:21:13.198894'),(688,'Wongani Zuwayo','wzuwayo@kuhes.ac.mw',0,1,'2023-03-18 13:21:13.211298','2023-03-18 13:21:13.211370'),(689,'Wyson Phiri','phiriw@kuhes.ac.mw',0,1,'2023-03-18 13:21:13.223607','2023-03-18 13:21:13.223696'),(690,'YAMIKANI HOJA','yhoja@kuhes.ac.mw',0,1,'2023-03-18 13:21:13.237457','2023-03-18 13:21:13.237529'),(691,'Yamikani Makwangwala','ymakwangwala@kuhes.ac.mw',0,1,'2023-03-18 13:21:13.250772','2023-03-18 13:21:13.250846'),(692,'YANKHO BANDA','ybanda@kuhes.ac.mw',0,1,'2023-03-18 13:21:13.263145','2023-03-18 13:21:13.263215'),(693,'Yankho Zolowere','yzolowere@kuhes.ac.mw',0,1,'2023-03-18 13:21:13.275062','2023-03-18 13:21:13.275140'),(694,'Yesani Ntiza Ireen','intiza@kuhes.ac.mw',0,1,'2023-03-18 13:21:13.289487','2023-03-18 13:21:13.289558'),(695,'Yohane Mlombe','ymlombe@kuhes.ac.mw',0,1,'2023-03-18 13:21:13.302596','2023-03-18 13:21:13.302667'),(696,'Yonnah Manuel Phiri','yphiri@kuhes.ac.mw',0,1,'2023-03-18 13:21:13.317636','2023-03-18 13:21:13.317717'),(697,'Yusuf Maundala','ymaundala@kuhes.ac.mw',0,1,'2023-03-18 13:21:13.335779','2023-03-18 13:21:13.335865'),(698,'Zacharia Maluwa','zmaluwa@kuhes.ac.mw',0,1,'2023-03-18 13:21:13.349338','2023-03-18 13:21:13.349409'),(699,'Zebron Nyirenda','znyirenda@kuhes.ac.mw',0,1,'2023-03-18 13:21:13.361807','2023-03-18 13:21:13.361878'),(700,'Zumazuma Alex','azumazuma@kuhes.ac.mw',0,1,'2023-03-18 13:21:13.373640','2023-03-18 13:21:13.373729');
/*!40000 ALTER TABLE `verification_availablevoter` ENABLE KEYS */;
UNLOCK TABLES;
/*!40103 SET TIME_ZONE=@OLD_TIME_ZONE */;

/*!40101 SET SQL_MODE=@OLD_SQL_MODE */;
/*!40014 SET FOREIGN_KEY_CHECKS=@OLD_FOREIGN_KEY_CHECKS */;
/*!40014 SET UNIQUE_CHECKS=@OLD_UNIQUE_CHECKS */;
/*!40101 SET CHARACTER_SET_CLIENT=@OLD_CHARACTER_SET_CLIENT */;
/*!40101 SET CHARACTER_SET_RESULTS=@OLD_CHARACTER_SET_RESULTS */;
/*!40101 SET COLLATION_CONNECTION=@OLD_COLLATION_CONNECTION */;
/*!40111 SET SQL_NOTES=@OLD_SQL_NOTES */;

-- Dump completed on 2023-03-21 18:51:10
